canton,canton_norm,area_km2,n_sismos,mag_max,prof_media_km,energia_total_j,primer_sismo,ultimo_sismo,n_sismos_someros,energia_somera_j,mag_max_somera,provincia,poblacion_2022,densidad_hab_km2
24 de Mayo,24 DE MAYO,529.6346134071922,8.0,5.1,42.795,5375628890739.578,1995-02-14 12:25:37.040000+00:00,2017-11-10 06:56:42.150000+00:00,7.0,4874441657112.307,5.1,Manabí,31473.0,59.42398627901424
Aguarico,AGUARICO,11240.051156777627,2.0,4.4,21.5,314284377598.97766,1985-12-15 06:03:30.950000+00:00,2021-11-03 17:23:40.140000+00:00,2.0,314284377598.97766,4.4,Orellana,6872.0,0.6113851177497764
Alausi,ALAUSI,1668.1875761954916,11.0,6.2,80.50090909090909,128692024185925.06,1983-12-24 08:35:38.040000+00:00,2020-09-30 00:46:44.693000+00:00,3.0,695127126197.9087,4.5,Chimborazo,37275.0,22.344609522275817
Alfredo Baquerizo Moreno,ALFREDO BAQUERIZO MORENO,220.19374386158694,4.0,4.7,92.73,1329712208434.983,1997-05-25 22:22:43.710000+00:00,2017-11-06 06:06:48.910000+00:00,0.0,0.0,,Guayas,25526.0,115.9251827610759
Ambato,AMBATO,1024.6106302497733,3.0,4.8,86.41666666666667,1188988275627.4365,1992-12-28 06:32:33.480000+00:00,2018-02-19 01:09:39.440000+00:00,1.0,63095734448.019424,4.0,Tungurahua,370664.0,361.760837782487
Antonio Ante,ANTONIO ANTE,82.619934115215,0.0,,,0.0,,,0.0,0.0,,Imbabura,53771.0,650.8235642625345
Arajuno,ARAJUNO,8881.36329881512,49.0,7.1,178.40997959183673,3125408616301323.5,1987-09-06 06:54:00.260000+00:00,2026-03-15 18:31:38.700000+00:00,3.0,1429016584154.8506,4.8,Pastaza,9553.0,1.0756231536294079
Archidona,ARCHIDONA,3042.473262932306,9.0,5.1,17.389111111111113,9385972327311.812,1989-10-06 21:15:41.630000+00:00,2025-12-19 21:59:54.472000+00:00,9.0,9385972327311.812,5.1,Napo,30488.0,10.020794717063827
Arenillas,ARENILLAS,811.9583813252378,5.0,5.3,49.6206,6783134356947.648,1985-02-05 08:56:09.290000+00:00,2025-02-04 07:45:13.544000+00:00,4.0,6281947123320.377,5.3,El Oro,32366.0,39.861649001238014
Atacames,ATACAMES,511.8631113587205,6.0,5.2,28.743333333333336,6499213383503.21,1996-06-18 04:49:50.130000+00:00,2016-12-20 10:49:58.210000+00:00,6.0,6499213383503.21,5.2,Esmeraldas,51204.0,100.03455780214557
Atahualpa,ATAHUALPA,280.81938083885194,2.0,4.9,47.95,1590365485626.6477,2011-09-02 03:46:09.310000+00:00,2023-02-01 02:54:27.922000+00:00,1.0,177827941003.89227,4.3,El Oro,6112.0,21.764879552623785
Azogues,AZOGUES,616.6592125007529,3.0,4.7,90.02666666666666,1011666266567.4497,1985-06-01 10:39:34.090000+00:00,2022-01-18 21:56:50.349000+00:00,0.0,0.0,,Cañar,74515.0,120.83659578816237
Baba,BABA,520.9644071546659,0.0,,,0.0,,,0.0,0.0,,Los Ríos,45296.0,86.94643890816202
Babahoyo,BABAHOYO,1094.5439959653208,0.0,,,0.0,,,0.0,0.0,,Los Ríos,178509.0,163.08983527205407
Balao,BALAO,411.5286448067652,13.0,6.8,36.118153846153845,1026425347501817.2,1990-03-01 04:28:50.510000+00:00,2023-04-25 05:36:00.112000+00:00,12.0,1025924160268190.0,6.8,Guayas,25655.0,62.34073939627313
Balsas,BALSAS,69.47899392467643,0.0,,,0.0,,,0.0,0.0,,El Oro,7875.0,113.34361013542375
Balzar,BALZAR,1196.0533199663957,0.0,,,0.0,,,0.0,0.0,,Guayas,57829.0,48.34985116016798
Baños de Agua Santa,BANOS DE AGUA SANTA,1071.1523325406204,1.0,4.0,10.0,63095734448.019424,1994-03-23 18:34:01.520000+00:00,1994-03-23 18:34:01.520000+00:00,1.0,63095734448.019424,4.0,Tungurahua,21908.0,20.45273985263828
Biblian,BIBLIAN,228.38760621979645,1.0,4.4,89.3,251188643150.95822,2003-06-03 12:18:35.510000+00:00,2003-06-03 12:18:35.510000+00:00,0.0,0.0,,Cañar,18852.0,82.54388367229151
Bolivar,BOLIVAR,358.44932502900247,3.0,4.6,33.104,1357187856488.1191,1998-08-04 20:04:09.570000+00:00,2022-08-21 13:18:38.420000+00:00,3.0,1357187856488.1191,4.6,Carchi,15677.0,43.735610322969805
Bolivar,BOLIVAR,541.869134075796,3.0,4.6,33.104,1357187856488.1191,1998-08-04 20:04:09.570000+00:00,2022-08-21 13:18:38.420000+00:00,3.0,1357187856488.1191,4.6,Carchi,15677.0,28.931339716809042
Buena Fe,BUENA FE,584.9214912630474,0.0,,,0.0,,,0.0,0.0,,Los Ríos,74410.0,127.21365364661696
Caluma,CALUMA,177.58623817683755,0.0,,,0.0,,,0.0,0.0,,Bolívar,15607.0,87.88406218987981
Calvas,CALVAS,846.552526525481,1.0,4.3,10.0,177827941003.89227,1991-01-03 09:56:05.780000+00:00,1991-01-03 09:56:05.780000+00:00,1.0,177827941003.89227,4.3,Loja,26042.0,30.76241483429811
Camilo Ponce Enriquez,CAMILO PONCE ENRIQUEZ,644.0661625986714,5.0,5.1,65.924,4697126754030.954,1998-03-26 16:12:50.410000+00:00,2015-07-04 11:29:26.010000+00:00,3.0,4320045569700.579,5.1,Azuay,22810.0,35.415616165839936
Cañar,CANAR,1809.8558814695407,10.0,5.4,97.4786,14924530909176.05,1985-12-20 02:33:02.980000+00:00,2025-08-24 10:50:32.963000+00:00,0.0,0.0,,Cañar,52150.0,28.814449003340528
Carlos Julio Arosemena Tola,CARLOS JULIO AROSEMENA TOLA,504.8544588123678,2.0,4.6,45.85,752375876778.2297,1987-08-15 13:46:37.900000+00:00,1987-10-23 15:49:57.270000+00:00,2.0,752375876778.2297,4.6,Napo,4647.0,9.204632976663648
Cascales,CASCALES,1256.1528693776086,3.0,5.7,19.0,23449970559301.184,1983-05-19 19:07:18.610000+00:00,2011-10-29 18:24:41.140000+00:00,3.0,23449970559301.184,5.7,Sucumbíos,11744.0,9.349180570529485
Catamayo,CATAMAYO,657.7667205755114,2.0,5.3,99.65,6331359036287.632,1986-01-12 06:38:20.590000+00:00,2011-04-20 22:27:59.980000+00:00,0.0,0.0,,Loja,35240.0,53.575224920419885
Cayambe,CAYAMBE,1200.6097215504244,2.0,6.0,9.25,63221626989198.84,1987-03-06 08:14:48.080000+00:00,1990-09-24 08:49:37.490000+00:00,2.0,63221626989198.84,6.0,Pichincha,105267.0,87.6779507199575
Celica,CELICA,525.0840894768243,0.0,,,0.0,,,0.0,0.0,,Loja,14379.0,27.38418529178201
Centinela del Condor,CENTINELA DEL CONDOR,263.37463290933664,0.0,,,0.0,,,0.0,0.0,,Zamora Chinchipe,7882.0,29.926952011028632
Cevallos,CEVALLOS,19.01187222946341,0.0,,,0.0,,,0.0,0.0,,Tungurahua,10433.0,548.762366697983
Chaguarpamba,CHAGUARPAMBA,315.54866334496256,1.0,4.0,70.64,63095734448.019424,2022-02-03 07:02:28.747000+00:00,2022-02-03 07:02:28.747000+00:00,0.0,0.0,,Loja,6857.0,21.730404202358557
Chambo,CHAMBO,165.32484847128782,0.0,,,0.0,,,0.0,0.0,,Chimborazo,13431.0,81.2400563145387
Chilla,CHILLA,333.65911806018505,0.0,,,0.0,,,0.0,0.0,,El Oro,2251.0,6.746406371529062
Chillanes,CHILLANES,666.5904452796208,2.0,4.5,76.8,480705930412.99316,1996-08-08 02:15:36.750000+00:00,2014-03-25 10:08:34.150000+00:00,1.0,125892541179.41713,4.2,Bolívar,19802.0,29.70639639410594
Chimbo,CHIMBO,263.1033485102332,0.0,,,0.0,,,0.0,0.0,,Bolívar,15524.0,59.00342997495604
Chinchipe,CHINCHIPE,1157.4882893434,60.0,5.4,57.99596666666666,49484194774402.18,1983-04-04 02:01:10.420000+00:00,2026-04-29 06:12:14.369000+00:00,40.0,43176402316577.52,5.4,Zamora Chinchipe,10337.0,8.93054391579529
Chone,CHONE,3077.223351231657,4.0,4.5,58.2695,1049940515431.4847,2007-04-14 11:09:36.550000+00:00,2026-04-23 14:39:36.636000+00:00,2.0,340313736964.33264,4.4,Manabí,128166.0,41.64988542307195
Chordeleg,CHORDELEG,105.85584806667244,1.0,4.0,108.37,63095734448.019424,2017-12-17 06:25:19.100000+00:00,2017-12-17 06:25:19.100000+00:00,0.0,0.0,,Azuay,12197.0,115.22273188268086
Chunchi,CHUNCHI,274.9077530734398,1.0,5.8,94.4,31622776601683.793,1991-06-12 00:45:40.080000+00:00,1991-06-12 00:45:40.080000+00:00,0.0,0.0,,Chimborazo,10635.0,38.68570413566667
Colimes,COLIMES,763.7640045921845,0.0,,,0.0,,,0.0,0.0,,Guayas,26251.0,34.37056452276361
Colta,COLTA,842.063458366455,0.0,,,0.0,,,0.0,0.0,,Chimborazo,30468.0,36.182546217010554
Cotacachi,COTACACHI,1697.170159029078,4.0,5.2,78.56925,7451967299574.643,2001-09-30 11:02:43.390000+00:00,2026-04-21 02:22:20.976000+00:00,2.0,3407799859591.638,5.0,Imbabura,53001.0,31.22904307386654
Crnel. Marcelino Maridueña,CRNEL. MARCELINO MARIDUENA,256.0615726268585,4.0,5.3,91.2775,7479889279573.197,1991-09-15 19:48:42.950000+00:00,2021-01-21 10:15:34.677000+00:00,1.0,5623413251903.491,5.3,Guayas,13183.0,51.48371098700823
Cuenca,CUENCA,3210.516079736708,14.0,5.1,66.99792857142857,8428978663833.602,1983-02-18 08:55:46.910000+00:00,2023-10-13 04:00:14.342000+00:00,6.0,3270324659366.124,4.9,Azuay,596101.0,185.67139525084883
Cumanda,CUMANDA,159.9408395526406,0.0,,,0.0,,,0.0,0.0,,Chimborazo,16602.0,103.80088066585307
Cuyabeno,CUYABENO,3898.38227896973,0.0,,,0.0,,,0.0,0.0,,Sucumbíos,8852.0,2.2706854706766775
Daule,DAULE,469.4294150190776,3.0,5.1,60.57866666666666,3247399515419.2993,2005-12-12 21:07:35.670000+00:00,2026-07-27 04:38:58.348000+00:00,2.0,2996210872268.3413,5.1,Guayas,222446.0,473.8646383950179
Deleg,DELEG,76.6768466784125,1.0,5.2,90.32,3981071705534.9854,2023-05-08 00:51:55.882000+00:00,2023-05-08 00:51:55.882000+00:00,0.0,0.0,,Cañar,6046.0,78.85039959138255
Duran,DURAN,302.2702831020016,7.0,5.5,68.38828571428571,15119707002197.857,1991-05-17 08:05:18.970000+00:00,2025-01-13 02:20:54.549000+00:00,2.0,856000622860.8475,4.6,Guayas,303910.0,1005.4246711954978
Echeandia,ECHEANDIA,232.25431145703183,1.0,4.9,38.1,1412537544622.7554,1989-05-25 15:30:21.730000+00:00,1989-05-25 15:30:21.730000+00:00,1.0,1412537544622.7554,4.9,Bolívar,14654.0,63.09463065752844
El Carmen,EL CARMEN,1275.4284889315293,0.0,,,0.0,,,0.0,0.0,,Manabí,120936.0,94.81989860624196
El Chaco,EL CHACO,3516.356306864377,14.0,5.5,14.567857142857141,19507836084140.277,1987-03-06 04:17:30.070000+00:00,2023-01-26 04:29:44.012000+00:00,14.0,19507836084140.277,5.5,Napo,9252.0,2.631132681844247
El Guabo,EL GUABO,607.6949460703303,2.0,5.0,74.905,2173090255972.7751,2013-11-25 19:43:01.120000+00:00,2016-06-27 04:15:45.930000+00:00,1.0,177827941003.89227,4.3,El Oro,59536.0,97.97020756053766
El Pan,EL PAN,133.20543922399852,0.0,,,0.0,,,0.0,0.0,,Azuay,2776.0,20.839989839543062
El Pangui,EL PANGUI,634.5427182702073,0.0,,,0.0,,,0.0,0.0,,Zamora Chinchipe,12768.0,20.121576739240123
El Piedrero,EL PIEDRERO,171.02470489953066,3.0,5.0,75.03,2997636782223.426,1991-08-19 00:46:14.780000+00:00,2019-08-18 09:28:29.560000+00:00,1.0,501187233627.2715,4.6,,0.0,0.0
El Tambo,EL TAMBO,64.04795983678049,0.0,,,0.0,,,0.0,0.0,,Cañar,9285.0,144.96948885900267
El Triunfo,EL TRIUNFO,397.98490828016656,4.0,4.9,100.608,3414912011877.2983,1989-06-26 14:01:14.560000+00:00,2026-05-06 22:06:49.679000+00:00,0.0,0.0,,Guayas,60541.0,152.11883350456444
Eloy Alfaro,ELOY ALFARO,4289.980603441904,16.0,5.3,43.909687500000004,19545939148504.06,1989-10-24 04:27:19.590000+00:00,2023-09-26 19:25:02.218000+00:00,14.0,19168857964173.684,5.3,Esmeraldas,46305.0,10.793755095966851
Empalme,EMPALME,720.8679310890168,1.0,4.0,119.5,63095734448.019424,1994-03-16 22:55:46.900000+00:00,1994-03-16 22:55:46.900000+00:00,0.0,0.0,,Guayas,79767.0,110.65411091251599
Esmeraldas,ESMERALDAS,1348.9798647246323,43.0,6.3,25.711232558139535,444411940126229.94,1984-02-06 04:40:19.140000+00:00,2025-07-08 17:36:09.023000+00:00,43.0,444411940126229.94,6.3,Esmeraldas,211848.0,157.04311497877293
Espejo,ESPEJO,561.1115523114153,12.0,5.6,9.971666666666666,20805421365713.906,2013-10-16 10:24:47.590000+00:00,2023-10-05 20:55:06.784000+00:00,12.0,20805421365713.906,5.6,Carchi,14522.0,25.880771729219955
Espindola,ESPINDOLA,518.7862579444432,0.0,,,0.0,,,0.0,0.0,,Loja,14119.0,27.215447178464014
Flavio Alfaro,FLAVIO ALFARO,1356.184338544058,2.0,4.4,68.405,340313736964.33264,2016-04-18 10:29:17.470000+00:00,2017-11-19 12:38:51.730000+00:00,2.0,340313736964.33264,4.4,Manabí,26415.0,19.477440676212222
Giron,GIRON,352.3134502642756,0.0,,,0.0,,,0.0,0.0,,Azuay,12182.0,34.577164144207664
Gnral. Antonio Elizalde,GNRAL. ANTONIO ELIZALDE,153.87778691958502,3.0,4.7,50.11666666666667,1063601666391.9248,2014-03-25 10:36:00.470000+00:00,2019-01-06 11:19:34.370000+00:00,2.0,355655882007.78455,4.3,Guayas,11810.0,76.74921921103393
Gonzalo Pizarro,GONZALO PIZARRO,2243.207355416037,8.0,7.2,21.541,4238427522941791.5,1986-06-27 21:07:56.860000+00:00,2023-05-21 18:39:37.665000+00:00,8.0,4238427522941791.5,7.2,Sucumbíos,10356.0,4.616603977780432
Gonzanama,GONZANAMA,703.2045791287003,2.0,5.9,92.3,46080896759719.29,1983-11-03 07:41:11.470000+00:00,1995-12-07 04:55:25.010000+00:00,0.0,0.0,,Loja,12247.0,17.415984428279096
Guachapala,GUACHAPALA,40.279400063888055,0.0,,,0.0,,,0.0,0.0,,Azuay,3586.0,89.02813831169694
Gualaceo,GUALACEO,352.0864953392072,0.0,,,0.0,,,0.0,0.0,,Azuay,43188.0,122.66304039407082
Gualaquiza,GUALAQUIZA,2204.1997918452494,2.0,5.1,91.55000000000001,3173196320498.0254,2003-09-01 23:20:44.100000+00:00,2013-02-27 15:56:09.980000+00:00,0.0,0.0,,Morona Santiago,21892.0,9.931949037012238
Guamote,GUAMOTE,1228.7846059272424,6.0,4.9,101.63833333333332,3165472227495.1797,1984-04-28 21:43:47+00:00,2013-09-14 17:00:08.540000+00:00,2.0,2120483329006.8955,4.9,Chimborazo,35769.0,29.109251391547723
Guano,GUANO,463.1926459124981,0.0,,,0.0,,,0.0,0.0,,Chimborazo,48327.0,104.33455804289576
Guaranda,GUARANDA,1903.8918703413865,1.0,4.4,33.0,251188643150.95822,1998-10-16 04:17:19.730000+00:00,1998-10-16 04:17:19.730000+00:00,1.0,251188643150.95822,4.4,Bolívar,98130.0,51.54179264519068
Guayaquil,GUAYAQUIL,4133.267154587694,45.0,5.8,54.235933333333335,67117401653392.0,1986-06-12 18:16:20.740000+00:00,2025-09-11 09:19:41.988000+00:00,34.0,48897900592606.086,5.8,Guayas,2746403.0,664.46297741767
Huamboya,HUAMBOYA,667.6275543671288,8.0,4.5,150.919125,1313728425188.0718,2005-10-26 22:40:21.490000+00:00,2025-05-06 20:33:39.240000+00:00,0.0,0.0,,Morona Santiago,10830.0,16.2216192683452
Huaquillas,HUAQUILLAS,63.90843028636222,1.0,5.0,36.0,1995262314968.8828,1989-11-04 15:39:15.450000+00:00,1989-11-04 15:39:15.450000+00:00,1.0,1995262314968.8828,5.0,El Oro,56303.0,880.9948820166034
Ibarra,IBARRA,1111.1860821557116,2.0,5.1,79.2,3818382931264.449,1983-03-15 17:15:36.080000+00:00,2000-10-08 20:12:32.350000+00:00,1.0,2818382931264.449,5.1,Imbabura,217469.0,195.7088947497507
Isabela,ISABELA,5392.046139045214,0.0,,,0.0,,,0.0,0.0,,Galápagos,3050.0,0.5656479787726878
Isidro Ayora,ISIDRO AYORA,491.1625852026685,3.0,4.7,56.17433333333333,1151884267431.0908,1995-10-28 06:09:52.020000+00:00,2024-04-11 04:20:38.804000+00:00,3.0,1151884267431.0908,4.7,Guayas,14305.0,29.124775442936734
Jama,JAMA,583.5323630216214,29.0,6.6,20.971379310344826,764838214872846.0,1985-06-25 20:00:44.600000+00:00,2026-02-15 09:37:03.656000+00:00,29.0,764838214872846.0,6.6,Manabí,16588.0,28.426872357352647
Jaramijo,JARAMIJO,97.98037424234009,1.0,4.0,29.0,63095734448.019424,2013-04-05 02:19:26.830000+00:00,2013-04-05 02:19:26.830000+00:00,1.0,63095734448.019424,4.0,Manabí,29759.0,303.72408995290704
Jipijapa,JIPIJAPA,1479.0198015640208,11.0,6.1,35.09190909090909,124009313054780.25,1987-07-31 19:05:46.520000+00:00,2024-12-14 18:05:16.955000+00:00,10.0,123831485113776.36,6.1,Manabí,78117.0,52.816737083163815
Junin,JUNIN,248.22725902694913,1.0,4.1,33.0,89125093813.3744,2001-05-28 10:00:15.250000+00:00,2001-05-28 10:00:15.250000+00:00,1.0,89125093813.3744,4.1,Manabí,22324.0,89.93371673808139
La Concordia,LA CONCORDIA,326.5747160678978,0.0,,,0.0,,,0.0,0.0,,Santo Domingo de los Tsáchilas,51386.0,157.34837227667188
La Joya de los Sachas,LA JOYA DE LOS SACHAS,1205.1328174888852,0.0,,,0.0,,,0.0,0.0,,Orellana,52444.0,43.517195149723555
La Libertad,LA LIBERTAD,25.472080495408246,0.0,,,0.0,,,0.0,0.0,,Santa Elena,112247.0,4406.66792099037
La Mana,LA MANA,661.2769641396836,5.0,5.0,70.8836,3351340443599.524,1985-08-28 18:44:00.240000+00:00,2023-11-07 03:33:46.457000+00:00,2.0,2995262314968.883,5.0,Cotopaxi,53793.0,81.34715545396972
La Troncal,LA TRONCAL,321.27067072730813,2.0,4.9,67.2695,1913724778250.0269,1983-06-01 12:23:50.280000+00:00,2022-06-29 13:53:13.368000+00:00,1.0,1412537544622.7554,4.9,Cañar,62103.0,193.30429341529438
Lago Agrio,LAGO AGRIO,3163.420587843013,0.0,,,0.0,,,0.0,0.0,,Sucumbíos,105044.0,33.20582802163039
Las Golondrinas,LAS GOLONDRINAS,128.9206165980525,0.0,,,0.0,,,0.0,0.0,,,0.0,0.0
Las Lajas,LAS LAJAS,300.46334469505683,3.0,4.5,53.294000000000004,669097766832.5537,1988-11-22 21:45:59.680000+00:00,2024-01-28 05:19:05.061000+00:00,2.0,606002032384.5343,4.5,El Oro,5738.0,19.097171423101717
Las Naves,LAS NAVES,149.83909094948726,0.0,,,0.0,,,0.0,0.0,,Bolívar,7012.0,46.79686692949731
Latacunga,LATACUNGA,1394.2443928074804,1.0,4.3,10.0,177827941003.89227,2005-03-16 06:17:57.690000+00:00,2005-03-16 06:17:57.690000+00:00,1.0,177827941003.89227,4.3,Cotopaxi,217261.0,155.82705666294171
Limon Indanza,LIMON INDANZA,1815.7845844191083,6.0,4.8,92.3415,3128229375320.279,1993-09-04 03:44:03.560000+00:00,2025-09-20 12:46:06.042000+00:00,0.0,0.0,,Morona Santiago,9602.0,5.288072209882648
Logroño,LOGRONO,1177.223093044375,16.0,5.2,40.68125,13706944487780.46,1988-12-13 02:47:42.370000+00:00,2012-03-06 18:14:08.400000+00:00,14.0,11939593553924.13,5.2,Morona Santiago,7484.0,6.357333664467872
Loja,LOJA,1907.657290443663,5.0,5.9,86.03999999999999,47585438017492.086,1993-05-08 14:42:59.280000+00:00,2007-09-26 04:43:17.610000+00:00,1.0,707945784384.1403,4.7,Loja,250028.0,131.065470329763
Lomas de Sargentillo,LOMAS DE SARGENTILLO,67.22180949504217,0.0,,,0.0,,,0.0,0.0,,Guayas,22254.0,331.05327225149017
Loreto,LORETO,2157.8085391607274,5.0,5.4,28.362000000000002,11127196377008.871,1989-03-02 14:10:28.570000+00:00,2021-04-19 17:13:54.406000+00:00,5.0,11127196377008.871,5.4,Orellana,27720.0,12.846366810088536
Macara,MACARA,581.158620140959,10.0,5.1,63.030899999999995,9080749213973.055,1998-07-12 08:02:10.640000+00:00,2026-06-13 06:35:39.995000+00:00,4.0,2008274609308.2432,4.9,Loja,18215.0,31.342561856145203
Machala,MACHALA,325.54900031033543,5.0,5.4,50.3156,12676580109431.977,2005-11-22 14:31:45.410000+00:00,2023-08-21 05:24:12.006000+00:00,4.0,9858197178167.527,5.4,El Oro,306309.0,940.8998329222496
Manga del Cura,MANGA DEL CURA,486.7024325571034,0.0,,,0.0,,,0.0,0.0,,,0.0,0.0
Manta,MANTA,294.27635791800185,36.0,5.7,15.03611111111111,44503825131871.64,1987-04-26 10:07:18+00:00,2026-07-31 01:10:00.736000+00:00,36.0,44503825131871.64,5.7,Manabí,271145.0,921.395799235604
Marcabeli,MARCABELI,149.60229076275436,2.0,4.6,69.6,564282968075.2909,2007-12-25 04:31:19.190000+00:00,2015-10-04 15:56:40.730000+00:00,1.0,501187233627.2715,4.6,El Oro,6870.0,45.921756712233346
Mejia,MEJIA,1493.4854790726952,2.0,4.7,8.86,1209133018011.4116,2020-10-27 11:59:18.785000+00:00,2025-08-16 10:47:02.299000+00:00,2.0,1209133018011.4116,4.7,Pichincha,101894.0,68.22563823202752
Mera,MERA,529.9858142411414,8.0,5.4,163.17275,12709501639713.621,1995-01-07 02:13:28.030000+00:00,2026-03-26 18:10:02.396000+00:00,0.0,0.0,,Pastaza,15087.0,28.466799666331212
Milagro,MILAGRO,407.64291527625375,6.0,5.4,91.64333333333333,12831788137247.486,1989-10-12 18:33:08.480000+00:00,2020-08-23 00:52:38.150000+00:00,1.0,1995262314968.8828,5.0,Guayas,195943.0,480.67313979248786
Mira,MIRA,587.1264627089632,2.0,4.8,15.7,1125892541179.4172,2009-04-03 15:46:48.070000+00:00,2014-10-20 19:46:01.850000+00:00,2.0,1125892541179.4172,4.8,Carchi,12727.0,21.676760984811434
Mocache,MOCACHE,572.1638771343062,1.0,4.7,101.35,707945784384.1403,2020-05-30 12:40:07.738000+00:00,2020-05-30 12:40:07.738000+00:00,0.0,0.0,,Los Ríos,42026.0,73.45098437616865
Mocha,MOCHA,86.24755604945503,0.0,,,0.0,,,0.0,0.0,,Tungurahua,7260.0,84.17629823431818
Montalvo,MONTALVO,365.4964903930281,0.0,,,0.0,,,0.0,0.0,,Los Ríos,28354.0,77.57666829990676
Montecristi,MONTECRISTI,758.0142382911099,62.0,6.2,25.650629032258063,324271328198137.6,1983-07-21 06:46:02.870000+00:00,2025-06-14 03:31:36.618000+00:00,62.0,324271328198137.6,6.2,Manabí,99937.0,131.84053141970128
Montufar,MONTUFAR,386.9794382262799,1.0,5.7,2.544,22387211385683.47,2022-07-25 13:33:28.666000+00:00,2022-07-25 13:33:28.666000+00:00,1.0,22387211385683.47,5.7,Carchi,29590.0,76.46401094493741
Morona,MORONA,4678.566067980016,57.0,7.0,55.635894736842104,3462923310162970.5,1986-02-22 18:47:21.310000+00:00,2024-11-07 05:59:19.771000+00:00,44.0,2460104829984225.5,7.0,Morona Santiago,54935.0,11.741845514584844
Muisne,MUISNE,1248.3780435912624,62.0,7.8,21.694887096774195,3.3099553528265e+16,1983-11-22 14:21:03.080000+00:00,2026-06-16 14:56:02.790000+00:00,61.0,3.309930233962185e+16,7.8,Esmeraldas,36426.0,29.17866121324256
Nabon,NABON,636.2352969228714,0.0,,,0.0,,,0.0,0.0,,Azuay,14776.0,23.224112323638096
Nangaritza,NANGARITZA,2032.6197712194328,51.0,7.0,54.81149019607843,2112550535562576.8,1983-04-12 12:07:54.520000+00:00,2026-05-08 17:50:10.736000+00:00,36.0,46207231105951.516,5.5,Zamora Chinchipe,6429.0,3.162913246752018
Naranjal,NARANJAL,1741.9996883980657,16.0,5.2,58.37375,11568858474895.955,1987-01-15 22:37:46.400000+00:00,2025-06-21 19:18:48.533000+00:00,9.0,8888431002326.254,5.2,Guayas,83691.0,48.04306255471368
Naranjito,NARANJITO,226.64856567166638,1.0,4.6,109.25,501187233627.2715,2020-02-09 20:33:28.059000+00:00,2020-02-09 20:33:28.059000+00:00,0.0,0.0,,Guayas,44169.0,194.87879779475534
Nobol,NOBOL,137.67314077676392,1.0,4.6,76.274,501187233627.2715,2023-01-26 03:16:21.968000+00:00,2023-01-26 03:16:21.968000+00:00,0.0,0.0,,Guayas,23850.0,173.23640519447883
Olmedo,OLMEDO,113.30378772367597,0.0,,,0.0,,,0.0,0.0,,Loja,4164.0,36.75075726643065
Olmedo,OLMEDO,255.41607888317097,0.0,,,0.0,,,0.0,0.0,,Loja,4164.0,16.302810763548845
Oña,ONA,295.821626655638,2.0,5.9,78.05,44794251756275.945,1999-08-03 15:58:57.600000+00:00,2019-08-22 20:53:41.326000+00:00,1.0,125892541179.41713,4.2,Azuay,3422.0,11.567781702395628
Orellana,ORELLANA,7094.923177422022,5.0,5.9,121.30199999999999,44946771512253.96,1996-05-09 02:18:22.190000+00:00,2016-04-29 00:56:54.920000+00:00,2.0,152220828261.39383,4.1,Orellana,95130.0,13.408179006466142
Otavalo,OTAVALO,500.60276129620325,1.0,4.4,5.2,251188643150.95822,2010-04-18 08:35:04+00:00,2010-04-18 08:35:04+00:00,1.0,251188643150.95822,4.4,Imbabura,114303.0,228.33074213181914
Pablo Sexto,PABLO SEXTO,1396.701127032914,12.0,5.2,107.74941666666666,12518278399532.21,1985-06-24 16:20:09.630000+00:00,2023-09-03 21:08:18.680000+00:00,4.0,7477521254131.14,5.2,Morona Santiago,2267.0,1.6231103105185487
Pajan,PAJAN,1096.3853554207863,7.0,5.5,44.30614285714285,20770364289571.54,1996-08-05 09:24:56+00:00,2023-05-13 18:59:37.367000+00:00,7.0,20770364289571.54,5.5,Manabí,41879.0,38.19733617650072
Palanda,PALANDA,2004.777153829281,0.0,,,0.0,,,0.0,0.0,,Zamora Chinchipe,8873.0,4.425928329765669
Palenque,PALENQUE,583.97484946896,0.0,,,0.0,,,0.0,0.0,,Los Ríos,24838.0,42.532653628125495
Palestina,PALESTINA,195.20490123266322,0.0,,,0.0,,,0.0,0.0,,Guayas,18019.0,92.30813307563058
Pallatanga,PALLATANGA,382.0606316241226,3.0,4.6,9.383666666666667,878268417957.6469,2014-01-20 04:36:16+00:00,2026-01-03 08:46:48.944000+00:00,3.0,878268417957.6469,4.6,Chimborazo,11796.0,30.874680675304685
Palora,PALORA,1463.2561123039102,38.0,5.7,140.8271052631579,39430247581896.555,1984-04-28 20:12:06.330000+00:00,2026-02-10 08:20:44.899000+00:00,5.0,23145434246329.4,5.7,Morona Santiago,11882.0,8.120246278207361
Paltas,PALTAS,1163.4494368626945,2.0,4.5,41.45,532641330237.4683,1985-04-13 02:32:56.750000+00:00,2007-07-13 07:20:25.550000+00:00,2.0,532641330237.4683,4.5,Loja,22841.0,19.63213808551235
Pangua,PANGUA,726.5147751690891,2.0,4.6,65.6,564282968075.2909,1987-09-23 06:40:09.640000+00:00,2010-02-19 11:37:27.210000+00:00,1.0,63095734448.019424,4.0,Cotopaxi,21867.0,30.098493172297385
Paquisha,PAQUISHA,341.5707442028401,0.0,,,0.0,,,0.0,0.0,,Zamora Chinchipe,4737.0,13.868283746183355
Pasaje,PASAJE,459.2964572869862,1.0,4.0,94.1,63095734448.019424,2016-03-22 04:52:50.680000+00:00,2016-03-22 04:52:50.680000+00:00,0.0,0.0,,El Oro,83597.0,182.01098369841193
Pastaza,PASTAZA,19970.164482485277,248.0,7.5,152.99522177419357,1.1730429766195282e+16,1983-04-27 21:06:00.880000+00:00,2026-08-02 17:09:44.170000+00:00,22.0,57183458371407.83,5.9,Pastaza,82754.0,4.143881742815836
Patate,PATATE,317.40192971346397,1.0,4.9,33.0,1412537544622.7554,1989-12-17 07:32:29.610000+00:00,1989-12-17 07:32:29.610000+00:00,1.0,1412537544622.7554,4.9,Tungurahua,13879.0,43.72689231136474
Paute,PAUTE,271.0624207415605,2.0,5.2,61.97,4689017489919.126,1995-11-05 09:24:22.820000+00:00,2016-05-24 16:35:21.450000+00:00,1.0,3981071705534.9854,5.2,Azuay,26782.0,98.80381030587344
Pedernales,PEDERNALES,1917.0313391546154,31.0,4.9,25.471451612903227,14247012990270.363,1983-06-12 04:15:27.170000+00:00,2024-02-25 07:27:03.237000+00:00,30.0,14121120449090.947,4.9,Manabí,70408.0,36.72762075504147
Pedro Carbo,PEDRO CARBO,942.1523323248654,6.0,5.1,53.699999999999996,6383476270459.699,1984-06-13 05:47:07.090000+00:00,2024-10-05 23:54:06.547000+00:00,5.0,4388213955490.817,5.1,Guayas,52177.0,55.3806409110589
Pedro Moncayo,PEDRO MONCAYO,340.08143567516913,1.0,5.1,11.88,2818382931264.449,2014-08-12 19:58:00.130000+00:00,2014-08-12 19:58:00.130000+00:00,1.0,2818382931264.449,5.1,Pichincha,40483.0,119.03913519898094
Pedro Vicente Maldonado,PEDRO VICENTE MALDONADO,626.8030503098229,2.0,4.8,38.315,1501187233627.2715,2007-11-04 18:10:22.180000+00:00,2014-02-21 12:42:08.690000+00:00,2.0,1501187233627.2715,4.8,Pichincha,15475.0,24.688775832138745
Penipe,PENIPE,368.63768946762656,0.0,,,0.0,,,0.0,0.0,,Chimborazo,6748.0,18.305236259876796
Pichincha,PICHINCHA,1082.8832886530759,2.0,4.5,85.30000000000001,480705930412.99316,2008-04-15 10:35:50.320000+00:00,2009-03-10 21:58:28+00:00,0.0,0.0,,Manabí,30380.0,28.054731584035796
Pimampiro,PIMAMPIRO,445.55392302396115,0.0,,,0.0,,,0.0,0.0,,Imbabura,13366.0,29.99861365664869
Piñas,PINAS,621.1316397720356,2.0,5.1,93.7865,3173196320498.0254,1991-01-06 01:47:43.450000+00:00,2024-05-21 02:43:10.935000+00:00,0.0,0.0,,El Oro,29406.0,47.34262130132742
Pindal,PINDAL,203.78826032052487,1.0,4.4,68.62,251188643150.95822,2017-12-07 02:37:45.350000+00:00,2017-12-07 02:37:45.350000+00:00,1.0,251188643150.95822,4.4,Loja,10409.0,51.07752519025572
Playas,PLAYAS,270.58260546923094,6.0,5.0,40.766999999999996,3812078359447.841,1997-08-30 06:49:27.470000+00:00,2026-07-09 23:42:59.846000+00:00,6.0,3812078359447.841,5.0,Guayas,58768.0,217.1906057970262
Portovelo,PORTOVELO,287.5285420055575,0.0,,,0.0,,,0.0,0.0,,El Oro,13556.0,47.146623794092704
Portoviejo,PORTOVIEJO,969.3225040683983,12.0,4.9,33.69891666666667,5280136597307.406,1991-08-04 04:53:13.890000+00:00,2022-12-19 12:26:23.993000+00:00,12.0,5280136597307.406,4.9,Manabí,322925.0,333.1450561032404
Pucara,PUCARA,589.0927834264011,0.0,,,0.0,,,0.0,0.0,,Azuay,9693.0,16.454114313914364
Puebloviejo,PUEBLOVIEJO,337.5384869360574,0.0,,,0.0,,,0.0,0.0,,Los Ríos,40961.0,121.35208749620179
Puerto Lopez,PUERTO LOPEZ,434.2435526909061,38.0,6.0,25.255684210526315,107432141659348.6,1984-02-21 03:20:45.040000+00:00,2025-09-19 01:49:50.251000+00:00,38.0,107432141659348.6,6.0,Manabí,25630.0,59.02217739601858
Puerto Quito,PUERTO QUITO,699.4722407955729,2.0,4.7,104.2,1062759173617.7163,1985-10-24 08:25:05.230000+00:00,2003-08-16 05:00:02.470000+00:00,0.0,0.0,,Pichincha,25067.0,35.83701902378433
Pujili,PUJILI,1308.2469767826358,5.0,6.0,44.019999999999996,65280994505557.36,1990-11-06 15:39:08.430000+00:00,2025-01-09 23:09:44.363000+00:00,4.0,64926181116323.78,6.0,Cotopaxi,66980.0,51.19828380167446
Putumayo,PUTUMAYO,3550.227569151647,1.0,4.3,33.0,177827941003.89227,1984-09-17 07:36:34.810000+00:00,1984-09-17 07:36:34.810000+00:00,1.0,177827941003.89227,4.3,Sucumbíos,9018.0,2.5401188583961445
Puyango,PUYANGO,641.3963985103461,5.0,4.9,62.338,2358505754071.186,1998-07-03 16:41:47.580000+00:00,2021-12-31 17:54:19.796000+00:00,3.0,444780975821.15894,4.3,Loja,16257.0,25.346260187548847
Quero,QUERO,174.74216916753988,0.0,,,0.0,,,0.0,0.0,,Tungurahua,19084.0,109.21233318159499
Quevedo,QUEVEDO,306.97387784931243,0.0,,,0.0,,,0.0,0.0,,Los Ríos,206008.0,671.0929328687874
Quijos,QUIJOS,1595.8946822181333,5.0,4.9,26.46,3769725401110.8745,1984-04-22 18:57:37.820000+00:00,2005-10-24 17:35:33.830000+00:00,5.0,3769725401110.8745,4.9,Napo,6472.0,4.055405455079636
Quilanga,QUILANGA,237.75252084471774,1.0,4.5,93.3,354813389233.57605,2006-02-18 21:07:27.760000+00:00,2006-02-18 21:07:27.760000+00:00,0.0,0.0,,Loja,3971.0,16.70224141427111
Quininde,QUININDE,3900.465306441551,14.0,6.9,34.352357142857144,1637520237765300.0,1994-03-24 11:59:07.630000+00:00,2025-07-20 21:06:32.639000+00:00,13.0,1637431112671486.8,6.9,Esmeraldas,126841.0,32.51945345867435
Quinsaloma,QUINSALOMA,284.6921954423558,0.0,,,0.0,,,0.0,0.0,,Los Ríos,19470.0,68.38965139085545
Quito,QUITO,4239.1839110823785,19.0,5.3,17.21557894736842,17546721611208.357,1986-11-23 16:30:05.330000+00:00,2024-07-01 05:27:51.380000+00:00,19.0,17546721611208.357,5.3,Pichincha,2679722.0,632.1315744274455
Riobamba,RIOBAMBA,986.5546800799865,2.0,4.4,88.65,429016584154.85046,1991-01-13 09:19:36.520000+00:00,2006-09-04 03:21:48.590000+00:00,1.0,251188643150.95822,4.4,Chimborazo,260882.0,264.4374460611231
Rioverde,RIOVERDE,1517.2326875923927,17.0,5.3,32.78588235294118,14238664406873.521,1983-03-20 23:45:39.930000+00:00,2023-07-24 01:47:57.121000+00:00,17.0,14238664406873.521,5.3,Esmeraldas,32885.0,21.674328709713784
Rocafuerte,ROCAFUERTE,281.43483585238766,4.0,5.1,19.2,7137953096156.17,1989-04-29 22:01:45.720000+00:00,2016-08-26 04:25:27.970000+00:00,4.0,7137953096156.17,5.1,Manabí,42688.0,151.67987243196083
Rumiñahui,RUMINAHUI,136.51022761895086,0.0,,,0.0,,,0.0,0.0,,Pichincha,107904.0,790.4462682547045
Salcedo,SALCEDO,489.221368835106,4.0,5.5,18.925,12398434730646.402,1992-12-26 16:08:56.590000+00:00,2006-04-15 01:08:48.180000+00:00,4.0,12398434730646.402,5.5,Cotopaxi,67493.0,137.96004079034574
Salinas,SALINAS,71.07781766908721,13.0,5.2,18.76976923076923,11866200072323.76,1987-09-07 20:59:06+00:00,2024-01-08 13:06:56.285000+00:00,13.0,11866200072323.76,5.2,Santa Elena,86801.0,1221.2108200073653
Salitre,SALITRE,396.28951592146353,1.0,4.1,164.92,89125093813.3744,2015-12-13 21:45:50.930000+00:00,2015-12-13 21:45:50.930000+00:00,0.0,0.0,,Guayas,61060.0,154.07927171129313
Samborondon,SAMBORONDON,361.56043367543265,5.0,4.4,79.1764,806520015108.0824,1991-08-27 08:31:37.520000+00:00,2022-12-27 05:25:11.191000+00:00,1.0,89125093813.3744,4.1,Guayas,98540.0,272.54088340998584
San Cristobal,SAN CRISTOBAL,831.0281884937034,0.0,,,0.0,,,0.0,0.0,,Galápagos,8300.0,9.987627513627823
San Fernando,SAN FERNANDO,143.1251622615404,0.0,,,0.0,,,0.0,0.0,,Azuay,3738.0,26.11700095870878
San Jacinto de Yaguachi,SAN JACINTO DE YAGUACHI,513.2329984377526,6.0,5.7,81.42783333333334,23496187143577.797,1996-01-11 01:55:29.720000+00:00,2022-10-19 13:34:24.220000+00:00,1.0,354813389233.57605,4.5,Guayas,72699.0,141.64911496589457
San Juan Bosco,SAN JUAN BOSCO,1056.2048969866498,43.0,5.4,81.42788372093023,48004642128399.67,1983-03-21 01:02:51.620000+00:00,2025-05-02 15:06:53.791000+00:00,15.0,7886329102402.552,5.0,Morona Santiago,4372.0,4.139348352268869
San Lorenzo,SAN LORENZO,3035.8479617974776,71.0,6.2,25.975605633802818,253574083254665.1,1984-07-30 02:47:20.800000+00:00,2025-08-25 18:10:57.293000+00:00,69.0,253197002070334.72,6.2,Esmeraldas,48391.0,15.939862802400834
San Miguel,SAN MIGUEL,576.9252588308146,1.0,4.0,10.0,63095734448.019424,2025-12-13 09:40:52.633000+00:00,2025-12-13 09:40:52.633000+00:00,1.0,63095734448.019424,4.0,Bolívar,28349.0,49.13808082775146
San Miguel de Los Bancos,SAN MIGUEL DE LOS BANCOS,856.1611020527217,1.0,4.8,24.6,1000000000000.0,1996-01-17 19:46:01.280000+00:00,1996-01-17 19:46:01.280000+00:00,1.0,1000000000000.0,4.8,Pichincha,13661.0,15.956109156613806
San Miguel de Urcuqui,SAN MIGUEL DE URCUQUI,771.0330707263682,0.0,,,0.0,,,0.0,0.0,,Imbabura,17969.0,23.305096346998344
San Pedro de Huaca,SAN PEDRO DE HUACA,71.03387408883437,0.0,,,0.0,,,0.0,0.0,,Carchi,7937.0,111.73542344141408
San Pedro de Pelileo,SAN PEDRO DE PELILEO,203.0659428195659,1.0,4.3,33.0,177827941003.89227,1996-03-29 13:57:24.480000+00:00,1996-03-29 13:57:24.480000+00:00,1.0,177827941003.89227,4.3,Tungurahua,63897.0,314.6613317466811
San Vicente,SAN VICENTE,713.97139449523,57.0,7.2,18.715877192982457,4344147445407161.0,1985-04-21 17:39:49.500000+00:00,2025-10-07 01:27:59.527000+00:00,57.0,4344147445407161.0,7.2,Manabí,24997.0,35.01120660117287
Santa Ana,SANTA ANA,1033.8137008744784,5.0,5.2,52.58,4780666070589.721,2009-09-16 07:41:00.740000+00:00,2016-06-20 23:24:36.560000+00:00,5.0,4780666070589.721,5.2,Manabí,51462.0,49.77879472526774
Santa Clara,SANTA CLARA,314.4818260138132,3.0,4.4,162.03833333333333,554909125334.2676,1995-08-12 05:04:14.240000+00:00,2025-11-17 23:13:51.062000+00:00,0.0,0.0,,Pastaza,4521.0,14.376029474598068
Santa Cruz,SANTA CRUZ,1820.6390333233815,0.0,,,0.0,,,0.0,0.0,,Galápagos,17233.0,9.46535786862869
Santa Elena,SANTA ELENA,3628.641107746716,34.0,6.3,33.81226470588235,359388716569389.06,1985-12-07 00:06:54.620000+00:00,2026-04-04 12:23:29.388000+00:00,33.0,359033903180155.5,6.3,Santa Elena,186687.0,51.44818527284099
Santa Isabel,SANTA ISABEL,608.4126741065712,4.0,4.9,77.965,2872859205785.125,1995-10-03 04:15:12.960000+00:00,2014-12-31 17:54:57.570000+00:00,1.0,707945784384.1403,4.7,Azuay,20753.0,34.11007180360751
Santa Lucia,SANTA LUCIA,360.0429684747887,1.0,4.5,33.0,354813389233.57605,2001-02-23 15:36:22.290000+00:00,2001-02-23 15:36:22.290000+00:00,1.0,354813389233.57605,4.5,Guayas,43700.0,121.37440201963007
Santa Rosa,SANTA ROSA,815.9731280284086,47.0,6.3,41.16614893617021,249479627827500.88,1984-11-20 14:26:27.030000+00:00,2026-05-05 15:58:26.295000+00:00,44.0,232458202091573.84,6.3,El Oro,80299.0,98.40887799089916
Santiago,SANTIAGO,1425.1525699778413,4.0,5.0,60.3525,3350918196976.6675,1986-04-18 02:03:53+00:00,2019-07-24 02:41:29.031000+00:00,2.0,2173090255972.7751,5.0,Morona Santiago,9755.0,6.844881176582851
Santiago de Pillaro,SANTIAGO DE PILLARO,448.8536740061723,6.0,5.3,18.099999999999998,9537771924181.242,1985-06-25 05:08:10.670000+00:00,2004-04-15 19:06:31.110000+00:00,6.0,9537771924181.242,5.3,Tungurahua,42497.0,94.6789621230005
Santo Domingo,SANTO DOMINGO,3467.8783713413286,6.0,4.7,41.31666666666667,1540371839951.3428,1991-04-22 11:03:10.050000+00:00,2008-03-20 06:07:29+00:00,5.0,1289183196800.3845,4.7,Santo Domingo de los Tsáchilas,441583.0,127.33520403981228
Saquisili,SAQUISILI,206.79524880700623,0.0,,,0.0,,,0.0,0.0,,Cotopaxi,24356.0,117.77833456285296
Saraguro,SARAGURO,1088.9803090329533,3.0,5.6,90.7,17616282858467.44,1983-09-14 08:35:17.240000+00:00,2008-12-12 20:26:03.180000+00:00,0.0,0.0,,Loja,29111.0,26.732347461683148
Sevilla de Oro,SEVILLA DE ORO,316.60240451006484,1.0,4.9,94.27,1412537544622.7554,2019-02-03 03:03:10.600000+00:00,2019-02-03 03:03:10.600000+00:00,0.0,0.0,,Azuay,4613.0,14.570325222698528
Shushufindi,SHUSHUFINDI,2535.196214080377,0.0,,,0.0,,,0.0,0.0,,Sucumbíos,50826.0,20.04815237483965
Sigchos,SIGCHOS,1360.6149418470907,2.0,4.7,61.7,797070878197.5146,1987-03-09 09:25:28.750000+00:00,2006-03-08 21:54:16.030000+00:00,1.0,707945784384.1403,4.7,Cotopaxi,18460.0,13.567394736191705
Sigsig,SIGSIG,680.3770598680183,1.0,5.1,72.0,2818382931264.449,2007-06-11 00:19:38.990000+00:00,2007-06-11 00:19:38.990000+00:00,0.0,0.0,,Azuay,24992.0,36.73257297188713
Simon Bolivar,SIMON BOLIVAR,293.8881549901202,3.0,5.6,107.43333333333332,16226013108941.484,1995-03-26 15:12:31.760000+00:00,2009-01-28 11:53:54.040000+00:00,0.0,0.0,,Guayas,29427.0,100.12992868320693
Sozoranga,SOZORANGA,414.7509553428554,0.0,,,0.0,,,0.0,0.0,,Loja,6970.0,16.805265690679903
Sucre,SUCRE,682.1420289037652,13.0,5.8,32.13923076923077,35613713142373.375,1985-06-24 22:05:50.970000+00:00,2024-10-30 13:12:10.865000+00:00,13.0,35613713142373.375,5.8,Manabí,62841.0,92.12304379043832
Sucua,SUCUA,897.6782139874315,3.0,4.3,60.14366666666666,356078128630.6411,2001-03-21 11:05:02.270000+00:00,2024-11-24 00:56:04.636000+00:00,2.0,178250187626.7488,4.1,Morona Santiago,23504.0,26.18310173263165
Sucumbios,SUCUMBIOS,1524.8964831926226,5.0,5.2,32.699799999999996,6749265132165.525,2014-03-09 02:10:58.150000+00:00,2024-05-06 15:32:31.412000+00:00,4.0,2768193426630.54,4.9,Sucumbíos,3174.0,2.0814527641605594
Suscal,SUSCAL,50.34287131779031,0.0,,,0.0,,,0.0,0.0,,Cañar,4627.0,91.90973575567385
Taisha,TAISHA,6181.28982855093,113.0,6.7,79.60182300884955,840382625545628.8,1983-11-25 22:56:25.880000+00:00,2026-05-23 08:44:52.458000+00:00,51.0,29937621761087.793,5.2,Morona Santiago,26700.0,4.319486828893645
Tena,TENA,3938.8802593240034,27.0,6.4,31.726259259259262,391969054379977.25,1987-01-21 16:35:12.620000+00:00,2025-06-19 01:06:23.890000+00:00,24.0,391288849152671.44,6.4,Napo,80816.0,20.5175061640157
Tisaleo,TISALEO,59.409859709233146,0.0,,,0.0,,,0.0,0.0,,Tungurahua,13910.0,234.1362202853037
Tiwintza,TIWINTZA,1176.9470387203414,47.0,6.8,43.76697872340426,1034577416771898.4,1986-07-13 19:02:41.630000+00:00,2024-05-14 16:39:55.019000+00:00,38.0,30033839714839.87,5.4,Morona Santiago,9285.0,7.889055067503545
Tosagua,TOSAGUA,378.48573231569196,5.0,5.0,39.437400000000004,3103294073754.897,1999-05-25 02:15:58.570000+00:00,2022-08-30 00:23:41.639000+00:00,5.0,3103294073754.897,5.0,Manabí,42853.0,113.22223360392526
Tulcan,TULCAN,1834.0892235839058,29.0,6.9,48.67537931034483,1432353911068395.5,1985-04-10 20:15:36.610000+00:00,2023-12-11 07:36:33.539000+00:00,21.0,12500306814022.213,5.2,Carchi,92375.0,50.36559771039625
Urdaneta,URDANETA,381.15018097343926,0.0,,,0.0,,,0.0,0.0,,Los Ríos,33151.0,86.97621477007813
Valencia,VALENCIA,984.3208104513807,0.0,,,0.0,,,0.0,0.0,,Los Ríos,51509.0,52.329483897002525
Ventanas,VENTANAS,534.3918136003648,0.0,,,0.0,,,0.0,0.0,,Los Ríos,73211.0,136.99873040111635
Vinces,VINCES,700.4065191939651,1.0,4.4,33.0,251188643150.95822,1985-01-11 09:43:04.170000+00:00,1985-01-11 09:43:04.170000+00:00,1.0,251188643150.95822,4.4,Los Ríos,80909.0,115.51720005849018
Yacuambi,YACUAMBI,1263.1004442783517,2.0,5.1,94.15,3526328715648.5894,1983-10-11 10:05:36.660000+00:00,1998-05-29 03:51:28.170000+00:00,0.0,0.0,,Zamora Chinchipe,6391.0,5.059771793249092
Yantzaza,YANTZAZA,1021.7727588229858,6.0,5.7,97.35849999999999,35339290502267.07,1983-04-15 13:25:36.080000+00:00,2026-01-08 05:17:50.354000+00:00,1.0,354813389233.57605,4.5,Zamora Chinchipe,23370.0,22.872013173379848
Zamora,ZAMORA,1911.4722306847427,2.0,5.2,98.36,4482258939162.257,1983-11-08 06:52:46.330000+00:00,2021-02-18 10:51:30.548000+00:00,0.0,0.0,,Zamora Chinchipe,30186.0,15.792015973565325
Zapotillo,ZAPOTILLO,1221.6264251805194,218.0,6.3,44.78266513761468,654783383452535.1,1983-02-13 14:01:36.340000+00:00,2026-04-14 22:21:25.595000+00:00,194.0,645046157518085.5,6.3,Loja,14571.0,11.92754159508857
Zaruma,ZARUMA,656.4443241925258,2.0,5.4,70.55,8121110288246.747,1984-09-06 19:10:00.330000+00:00,2008-10-10 02:20:55.950000+00:00,1.0,177827941003.89227,4.3,El Oro,24374.0,37.13033855534023
