,,,,,,
,,,,,,
,Tabla N°:,1.1 ,,,,
,Nombre de la tabla:,"Población por sexo al nacer, según provincia, cantón y área de residencia",,,,
,Fuente:,VIII Censo de Población y VII de Vivienda ,,,,
,Elaboración:,Instituto Nacional de Estadística y Censos (INEC) - Componente de Metodología y Análisis – CPV 2022 ,,,,
,,,,,,
,,,,,,
Índice,"Provincia, cantón y área de residencia",,,Número total de personas ,Sexo al nacer,
,,,,,Hombres,Mujeres
,,,,,,
,Total Nacional,Nacional,Nacional,"16,938,986","8,252,523","8,686,463"
,Total Nacional,Nacional,Urbana,"10,687,151","5,161,870","5,525,281"
,Total Nacional,Nacional,Rural,"6,251,835","3,090,653","3,161,182"
,Azuay,Total Azuay,Total Azuay,"801,609","376,419","425,190"
,Azuay,Total Azuay,Urbana,"420,141","198,877","221,264"
,Azuay,Total Azuay,Rural,"381,468","177,542","203,926"
,Azuay,Cuenca,Total Cuenca,"596,101","281,823","314,278"
,Azuay,Cuenca,Urbana,"361,524","171,684","189,840"
,Azuay,Cuenca,Rural,"234,577","110,139","124,438"
,Azuay,Girón,Total Girón,"12,182","5,532","6,650"
,Azuay,Girón,Urbana,"4,353","1,952","2,401"
,Azuay,Girón,Rural,"7,829","3,580","4,249"
,Azuay,Gualaceo,Total Gualaceo,"43,188","19,421","23,767"
,Azuay,Gualaceo,Urbana,"13,843","6,307","7,536"
,Azuay,Gualaceo,Rural,"29,345","13,114","16,231"
,Azuay,Nabón,Total Nabón,"14,776","6,729","8,047"
,Azuay,Nabón,Urbana,"1,276",550,726
,Azuay,Nabón,Rural,"13,500","6,179","7,321"
,Azuay,Paute,Total Paute,"26,782","12,201","14,581"
,Azuay,Paute,Urbana,"8,766","4,030","4,736"
,Azuay,Paute,Rural,"18,016","8,171","9,845"
,Azuay,Pucará,Total Pucará,"9,693","4,604","5,089"
,Azuay,Pucará,Urbana,855,416,439
,Azuay,Pucará,Rural,"8,838","4,188","4,650"
,Azuay,San Fernando,Total San Fernando,"3,738","1,656","2,082"
,Azuay,San Fernando,Urbana,"1,407",637,770
,Azuay,San Fernando,Rural,"2,331","1,019","1,312"
,Azuay,Santa Isabel,Total Santa Isabel,"20,753","9,914","10,839"
,Azuay,Santa Isabel,Urbana,"6,194","2,948","3,246"
,Azuay,Santa Isabel,Rural,"14,559","6,966","7,593"
,Azuay,Sígsig,Total Sígsig,"24,992","11,016","13,976"
,Azuay,Sígsig,Urbana,"4,029","1,851","2,178"
,Azuay,Sígsig,Rural,"20,963","9,165","11,798"
,Azuay,Oña,Total Oña,"3,422","1,575","1,847"
,Azuay,Oña,Urbana,989,456,533
,Azuay,Oña,Rural,"2,433","1,119","1,314"
,Azuay,Chordeleg,Total Chordeleg,"12,197","5,494","6,703"
,Azuay,Chordeleg,Urbana,"4,445","2,086","2,359"
,Azuay,Chordeleg,Rural,"7,752","3,408","4,344"
,Azuay,El Pan,Total El Pan,"2,776","1,280","1,496"
,Azuay,El Pan,Urbana,503,225,278
,Azuay,El Pan,Rural,"2,273","1,055","1,218"
,Azuay,Sevilla de Oro,Total Sevilla de Oro,"4,613","2,167","2,446"
,Azuay,Sevilla de Oro,Urbana,732,345,387
,Azuay,Sevilla de Oro,Rural,"3,881","1,822","2,059"
,Azuay,Guachapala,Total Guachapala,"3,586","1,714","1,872"
,Azuay,Guachapala,Urbana,"1,210",556,654
,Azuay,Guachapala,Rural,"2,376","1,158","1,218"
,Azuay,Camilo Ponce Enríquez,Total Camilo Ponce Enríquez,"22,810","11,293","11,517"
,Azuay,Camilo Ponce Enríquez,Urbana,"10,015","4,834","5,181"
,Azuay,Camilo Ponce Enríquez,Rural,"12,795","6,459","6,336"
,Bolívar,Total Bolívar,Total Bolívar,"199,078","95,873","103,205"
,Bolívar,Total Bolívar,Urbana,"64,172","30,351","33,821"
,Bolívar,Total Bolívar,Rural,"134,906","65,522","69,384"
,Bolívar,Guaranda,Total Guaranda,"98,130","46,659","51,471"
,Bolívar,Guaranda,Urbana,"30,755","14,508","16,247"
,Bolívar,Guaranda,Rural,"67,375","32,151","35,224"
,Bolívar,Chillanes,Total Chillanes,"19,802","9,844","9,958"
,Bolívar,Chillanes,Urbana,"3,251","1,544","1,707"
,Bolívar,Chillanes,Rural,"16,551","8,300","8,251"
,Bolívar,Chimbo,Total Chimbo,"15,524","7,438","8,086"
,Bolívar,Chimbo,Urbana,"4,354","2,050","2,304"
,Bolívar,Chimbo,Rural,"11,170","5,388","5,782"
,Bolívar,Echeandía,Total Echeandía,"14,654","7,197","7,457"
,Bolívar,Echeandía,Urbana,"7,138","3,435","3,703"
,Bolívar,Echeandía,Rural,"7,516","3,762","3,754"
,Bolívar,San Miguel,Total San Miguel,"28,349","13,655","14,694"
,Bolívar,San Miguel,Urbana,"8,806","4,122","4,684"
,Bolívar,San Miguel,Rural,"19,543","9,533","10,010"
,Bolívar,Caluma,Total Caluma,"15,607","7,570","8,037"
,Bolívar,Caluma,Urbana,"7,884","3,741","4,143"
,Bolívar,Caluma,Rural,"7,723","3,829","3,894"
,Bolívar,Las Naves,Total Las Naves,"7,012","3,510","3,502"
,Bolívar,Las Naves,Urbana,"1,984",951,"1,033"
,Bolívar,Las Naves,Rural,"5,028","2,559","2,469"
,Cañar,Total Cañar,Total Cañar,"227,578","104,994","122,584"
,Cañar,Total Cañar,Urbana,"101,098","47,234","53,864"
,Cañar,Total Cañar,Rural,"126,480","57,760","68,720"
,Cañar,Azogues,Total Azogues,"74,515","34,120","40,395"
,Cañar,Azogues,Urbana,"35,763","16,590","19,173"
,Cañar,Azogues,Rural,"38,752","17,530","21,222"
,Cañar,Biblián,Total Biblián,"18,852","8,286","10,566"
,Cañar,Biblián,Urbana,"5,728","2,572","3,156"
,Cañar,Biblián,Rural,"13,124","5,714","7,410"
,Cañar,Cañar,Total Cañar,"52,150","23,809","28,341"
,Cañar,Cañar,Urbana,"13,148","6,099","7,049"
,Cañar,Cañar,Rural,"39,002","17,710","21,292"
,Cañar,La Troncal,Total La Troncal,"62,103","29,791","32,312"
,Cañar,La Troncal,Urbana,"39,600","18,826","20,774"
,Cañar,La Troncal,Rural,"22,503","10,965","11,538"
,Cañar,El Tambo,Total El Tambo,"9,285","4,250","5,035"
,Cañar,El Tambo,Urbana,"5,202","2,396","2,806"
,Cañar,El Tambo,Rural,"4,083","1,854","2,229"
,Cañar,Déleg,Total Déleg,"6,046","2,700","3,346"
,Cañar,Déleg,Urbana,645,271,374
,Cañar,Déleg,Rural,"5,401","2,429","2,972"
,Cañar,Suscal,Total Suscal,"4,627","2,038","2,589"
,Cañar,Suscal,Urbana,"1,012",480,532
,Cañar,Suscal,Rural,"3,615","1,558","2,057"
,Carchi,Total Carchi,Total Carchi,"172,828","84,553","88,275"
,Carchi,Total Carchi,Urbana,"87,957","42,521","45,436"
,Carchi,Total Carchi,Rural,"84,871","42,032","42,839"
,Carchi,Tulcán,Total Tulcán,"92,375","44,900","47,475"
,Carchi,Tulcán,Urbana,"56,719","27,281","29,438"
,Carchi,Tulcán,Rural,"35,656","17,619","18,037"
,Carchi,Bolívar,Total Bolívar,"15,677","7,823","7,854"
,Carchi,Bolívar,Urbana,"3,377","1,671","1,706"
,Carchi,Bolívar,Rural,"12,300","6,152","6,148"
,Carchi,Espejo,Total Espejo,"14,522","7,138","7,384"
,Carchi,Espejo,Urbana,"5,181","2,534","2,647"
,Carchi,Espejo,Rural,"9,341","4,604","4,737"
,Carchi,Mira,Total Mira,"12,727","6,328","6,399"
,Carchi,Mira,Urbana,"3,691","1,752","1,939"
,Carchi,Mira,Rural,"9,036","4,576","4,460"
,Carchi,Montúfar,Total Montúfar,"29,590","14,427","15,163"
,Carchi,Montúfar,Urbana,"14,497","7,036","7,461"
,Carchi,Montúfar,Rural,"15,093","7,391","7,702"
,Carchi,San Pedro de Huaca,Total San Pedro de Huaca,"7,937","3,937","4,000"
,Carchi,San Pedro de Huaca,Urbana,"4,492","2,247","2,245"
,Carchi,San Pedro de Huaca,Rural,"3,445","1,690","1,755"
,Cotopaxi,Total Cotopaxi,Total Cotopaxi,"470,210","227,616","242,594"
,Cotopaxi,Total Cotopaxi,Urbana,"156,481","74,948","81,533"
,Cotopaxi,Total Cotopaxi,Rural,"313,729","152,668","161,061"
,Cotopaxi,Latacunga,Total Latacunga,"217,261","106,010","111,251"
,Cotopaxi,Latacunga,Urbana,"77,267","36,927","40,340"
,Cotopaxi,Latacunga,Rural,"139,994","69,083","70,911"
,Cotopaxi,La Maná,Total La Maná,"53,793","26,389","27,404"
,Cotopaxi,La Maná,Urbana,"31,740","15,438","16,302"
,Cotopaxi,La Maná,Rural,"22,053","10,951","11,102"
,Cotopaxi,Pangua,Total Pangua,"21,867","10,926","10,941"
,Cotopaxi,Pangua,Urbana,"1,872",873,999
,Cotopaxi,Pangua,Rural,"19,995","10,053","9,942"
,Cotopaxi,Pujilí,Total Pujilí,"66,980","31,579","35,401"
,Cotopaxi,Pujilí,Urbana,"16,152","7,643","8,509"
,Cotopaxi,Pujilí,Rural,"50,828","23,936","26,892"
,Cotopaxi,Salcedo,Total Salcedo,"67,493","32,200","35,293"
,Cotopaxi,Salcedo,Urbana,"16,751","7,959","8,792"
,Cotopaxi,Salcedo,Rural,"50,742","24,241","26,501"
,Cotopaxi,Saquisilí,Total Saquisilí,"24,356","11,498","12,858"
,Cotopaxi,Saquisilí,Urbana,"9,883","4,773","5,110"
,Cotopaxi,Saquisilí,Rural,"14,473","6,725","7,748"
,Cotopaxi,Sigchos,Total Sigchos,"18,460","9,014","9,446"
,Cotopaxi,Sigchos,Urbana,"2,816","1,335","1,481"
,Cotopaxi,Sigchos,Rural,"15,644","7,679","7,965"
,Chimborazo,Total Chimborazo,Total Chimborazo,"471,933","223,460","248,473"
,Chimborazo,Total Chimborazo,Urbana,"224,667","106,106","118,561"
,Chimborazo,Total Chimborazo,Rural,"247,266","117,354","129,912"
,Chimborazo,Riobamba,Total Riobamba,"260,882","123,488","137,394"
,Chimborazo,Riobamba,Urbana,"177,213","83,847","93,366"
,Chimborazo,Riobamba,Rural,"83,669","39,641","44,028"
,Chimborazo,Alausí,Total Alausí,"37,275","17,575","19,700"
,Chimborazo,Alausí,Urbana,"6,071","2,780","3,291"
,Chimborazo,Alausí,Rural,"31,204","14,795","16,409"
,Chimborazo,Colta,Total Colta,"30,468","14,425","16,043"
,Chimborazo,Colta,Urbana,"2,785","1,296","1,489"
,Chimborazo,Colta,Rural,"27,683","13,129","14,554"
,Chimborazo,Chambo,Total Chambo,"13,431","6,367","7,064"
,Chimborazo,Chambo,Urbana,"5,462","2,646","2,816"
,Chimborazo,Chambo,Rural,"7,969","3,721","4,248"
,Chimborazo,Chunchi,Total Chunchi,"10,635","4,935","5,700"
,Chimborazo,Chunchi,Urbana,"3,799","1,749","2,050"
,Chimborazo,Chunchi,Rural,"6,836","3,186","3,650"
,Chimborazo,Guamote,Total Guamote,"35,769","17,007","18,762"
,Chimborazo,Guamote,Urbana,"3,076","1,442","1,634"
,Chimborazo,Guamote,Rural,"32,693","15,565","17,128"
,Chimborazo,Guano,Total Guano,"48,327","22,811","25,516"
,Chimborazo,Guano,Urbana,"9,136","4,290","4,846"
,Chimborazo,Guano,Rural,"39,191","18,521","20,670"
,Chimborazo,Pallatanga,Total Pallatanga,"11,796","5,677","6,119"
,Chimborazo,Pallatanga,Urbana,"4,266","1,999","2,267"
,Chimborazo,Pallatanga,Rural,"7,530","3,678","3,852"
,Chimborazo,Penipe,Total Penipe,"6,748","3,202","3,546"
,Chimborazo,Penipe,Urbana,"1,417",662,755
,Chimborazo,Penipe,Rural,"5,331","2,540","2,791"
,Chimborazo,Cumandá,Total Cumandá,"16,602","7,973","8,629"
,Chimborazo,Cumandá,Urbana,"11,442","5,395","6,047"
,Chimborazo,Cumandá,Rural,"5,160","2,578","2,582"
,El Oro,Total El Oro,Total El Oro,"714,592","353,211","361,381"
,El Oro,Total El Oro,Urbana,"561,225","274,575","286,650"
,El Oro,Total El Oro,Rural,"153,367","78,636","74,731"
,El Oro,Machala,Total Machala,"306,309","150,682","155,627"
,El Oro,Machala,Urbana,"288,072","141,364","146,708"
,El Oro,Machala,Rural,"18,237","9,318","8,919"
,El Oro,Arenillas,Total Arenillas,"32,366","16,041","16,325"
,El Oro,Arenillas,Urbana,"21,524","10,485","11,039"
,El Oro,Arenillas,Rural,"10,842","5,556","5,286"
,El Oro,Atahualpa,Total Atahualpa,"6,112","3,117","2,995"
,El Oro,Atahualpa,Urbana,"1,769",883,886
,El Oro,Atahualpa,Rural,"4,343","2,234","2,109"
,El Oro,Balsas,Total Balsas,"7,875","4,058","3,817"
,El Oro,Balsas,Urbana,"4,500","2,305","2,195"
,El Oro,Balsas,Rural,"3,375","1,753","1,622"
,El Oro,Chilla,Total Chilla,"2,251","1,105","1,146"
,El Oro,Chilla,Urbana,910,422,488
,El Oro,Chilla,Rural,"1,341",683,658
,El Oro,El Guabo,Total El Guabo,"59,536","30,181","29,355"
,El Oro,El Guabo,Urbana,"26,635","13,157","13,478"
,El Oro,El Guabo,Rural,"32,901","17,024","15,877"
,El Oro,Huaquillas,Total Huaquillas,"56,303","27,447","28,856"
,El Oro,Huaquillas,Urbana,"56,021","27,249","28,772"
,El Oro,Huaquillas,Rural,282,198,84
,El Oro,Marcabelí,Total Marcabelí,"6,870","3,535","3,335"
,El Oro,Marcabelí,Urbana,"4,973","2,522","2,451"
,El Oro,Marcabelí,Rural,"1,897","1,013",884
,El Oro,Pasaje,Total Pasaje,"83,597","40,983","42,614"
,El Oro,Pasaje,Urbana,"60,147","29,135","31,012"
,El Oro,Pasaje,Rural,"23,450","11,848","11,602"
,El Oro,Piñas,Total Piñas,"29,406","14,720","14,686"
,El Oro,Piñas,Urbana,"18,482","9,033","9,449"
,El Oro,Piñas,Rural,"10,924","5,687","5,237"
,El Oro,Portovelo,Total Portovelo,"13,556","6,824","6,732"
,El Oro,Portovelo,Urbana,"9,764","4,856","4,908"
,El Oro,Portovelo,Rural,"3,792","1,968","1,824"
,El Oro,Santa Rosa,Total Santa Rosa,"80,299","39,522","40,777"
,El Oro,Santa Rosa,Urbana,"56,842","27,465","29,377"
,El Oro,Santa Rosa,Rural,"23,457","12,057","11,400"
,El Oro,Zaruma,Total Zaruma,"24,374","12,076","12,298"
,El Oro,Zaruma,Urbana,"10,005","4,928","5,077"
,El Oro,Zaruma,Rural,"14,369","7,148","7,221"
,El Oro,Las Lajas,Total Las Lajas,"5,738","2,920","2,818"
,El Oro,Las Lajas,Urbana,"1,581",771,810
,El Oro,Las Lajas,Rural,"4,157","2,149","2,008"
,Esmeraldas,Total Esmeraldas,Total Esmeraldas,"553,900","268,848","285,052"
,Esmeraldas,Total Esmeraldas,Urbana,"248,586","116,303","132,283"
,Esmeraldas,Total Esmeraldas,Rural,"305,314","152,545","152,769"
,Esmeraldas,Esmeraldas,Total Esmeraldas,"211,848","100,074","111,774"
,Esmeraldas,Esmeraldas,Urbana,"155,487","72,097","83,390"
,Esmeraldas,Esmeraldas,Rural,"56,361","27,977","28,384"
,Esmeraldas,Eloy Alfaro,Total Eloy Alfaro,"46,305","22,795","23,510"
,Esmeraldas,Eloy Alfaro,Urbana,"4,956","2,254","2,702"
,Esmeraldas,Eloy Alfaro,Rural,"41,349","20,541","20,808"
,Esmeraldas,Muisne,Total Muisne,"36,426","18,424","18,002"
,Esmeraldas,Muisne,Urbana,"5,574","2,822","2,752"
,Esmeraldas,Muisne,Rural,"30,852","15,602","15,250"
,Esmeraldas,Quinindé,Total Quinindé,"126,841","63,368","63,473"
,Esmeraldas,Quinindé,Urbana,"31,120","14,825","16,295"
,Esmeraldas,Quinindé,Rural,"95,721","48,543","47,178"
,Esmeraldas,San Lorenzo,Total San Lorenzo,"48,391","23,071","25,320"
,Esmeraldas,San Lorenzo,Urbana,"28,491","13,275","15,216"
,Esmeraldas,San Lorenzo,Rural,"19,900","9,796","10,104"
,Esmeraldas,Atacames,Total Atacames,"51,204","24,835","26,369"
,Esmeraldas,Atacames,Urbana,"18,948","9,126","9,822"
,Esmeraldas,Atacames,Rural,"32,256","15,709","16,547"
,Esmeraldas,Rioverde,Total Rioverde,"32,885","16,281","16,604"
,Esmeraldas,Rioverde,Urbana,"4,010","1,904","2,106"
,Esmeraldas,Rioverde,Rural,"28,875","14,377","14,498"
,Guayas,Total Guayas,Total Guayas,"4,391,923","2,154,292","2,237,631"
,Guayas,Total Guayas,Urbana,"3,744,462","1,826,125","1,918,337"
,Guayas,Total Guayas,Rural,"647,461","328,167","319,294"
,Guayas,Guayaquil,Total Guayaquil,"2,746,403","1,344,265","1,402,138"
,Guayas,Guayaquil,Urbana,"2,650,288","1,295,478","1,354,810"
,Guayas,Guayaquil,Rural,"96,115","48,787","47,328"
,Guayas,Alfredo Baquerizo Moreno (Juján),Total Alfredo Baquerizo Moreno (Juján),"25,526","12,720","12,806"
,Guayas,Alfredo Baquerizo Moreno (Juján),Urbana,"6,035","2,896","3,139"
,Guayas,Alfredo Baquerizo Moreno (Juján),Rural,"19,491","9,824","9,667"
,Guayas,Balao,Total Balao,"25,655","12,981","12,674"
,Guayas,Balao,Urbana,"12,850","6,489","6,361"
,Guayas,Balao,Rural,"12,805","6,492","6,313"
,Guayas,Balzar,Total Balzar,"57,829","28,732","29,097"
,Guayas,Balzar,Urbana,"32,744","15,974","16,770"
,Guayas,Balzar,Rural,"25,085","12,758","12,327"
,Guayas,Colimes,Total Colimes,"26,251","13,439","12,812"
,Guayas,Colimes,Urbana,"7,619","3,738","3,881"
,Guayas,Colimes,Rural,"18,632","9,701","8,931"
,Guayas,Daule,Total Daule,"222,446","106,825","115,621"
,Guayas,Daule,Urbana,"161,498","76,420","85,078"
,Guayas,Daule,Rural,"60,948","30,405","30,543"
,Guayas,Durán,Total Durán,"303,910","148,306","155,604"
,Guayas,Durán,Urbana,"295,211","143,842","151,369"
,Guayas,Durán,Rural,"8,699","4,464","4,235"
,Guayas,El Empalme,Total El Empalme,"79,767","39,498","40,269"
,Guayas,El Empalme,Urbana,"41,778","20,145","21,633"
,Guayas,El Empalme,Rural,"37,989","19,353","18,636"
,Guayas,El Triunfo,Total El Triunfo,"60,541","29,737","30,804"
,Guayas,El Triunfo,Urbana,"41,042","19,942","21,100"
,Guayas,El Triunfo,Rural,"19,499","9,795","9,704"
,Guayas,Milagro,Total Milagro,"195,943","95,390","100,553"
,Guayas,Milagro,Urbana,"159,970","77,547","82,423"
,Guayas,Milagro,Rural,"35,973","17,843","18,130"
,Guayas,Naranjal,Total Naranjal,"83,691","41,901","41,790"
,Guayas,Naranjal,Urbana,"39,323","19,224","20,099"
,Guayas,Naranjal,Rural,"44,368","22,677","21,691"
,Guayas,Naranjito,Total Naranjito,"44,169","21,637","22,532"
,Guayas,Naranjito,Urbana,"34,664","16,911","17,753"
,Guayas,Naranjito,Rural,"9,505","4,726","4,779"
,Guayas,Palestina,Total Palestina,"18,019","9,079","8,940"
,Guayas,Palestina,Urbana,"10,392","5,148","5,244"
,Guayas,Palestina,Rural,"7,627","3,931","3,696"
,Guayas,Pedro Carbo,Total Pedro Carbo,"52,177","26,458","25,719"
,Guayas,Pedro Carbo,Urbana,"24,882","12,344","12,538"
,Guayas,Pedro Carbo,Rural,"27,295","14,114","13,181"
,Guayas,Samborondón,Total Samborondón,"98,540","47,699","50,841"
,Guayas,Samborondón,Urbana,"72,425","34,563","37,862"
,Guayas,Samborondón,Rural,"26,115","13,136","12,979"
,Guayas,Santa Lucía,Total Santa Lucía,"43,700","22,273","21,427"
,Guayas,Santa Lucía,Urbana,"10,924","5,378","5,546"
,Guayas,Santa Lucía,Rural,"32,776","16,895","15,881"
,Guayas,Salitre,Total Salitre,"61,060","30,716","30,344"
,Guayas,Salitre,Urbana,"13,571","6,564","7,007"
,Guayas,Salitre,Rural,"47,489","24,152","23,337"
,Guayas,San Jacinto de Yaguachi,Total San Jacinto de Yaguachi,"72,699","36,026","36,673"
,Guayas,San Jacinto de Yaguachi,Urbana,"22,972","11,095","11,877"
,Guayas,San Jacinto de Yaguachi,Rural,"49,727","24,931","24,796"
,Guayas,Playas,Total Playas,"58,768","29,099","29,669"
,Guayas,Playas,Urbana,"48,156","23,816","24,340"
,Guayas,Playas,Rural,"10,612","5,283","5,329"
,Guayas,Simón Bolívar,Total Simón Bolívar,"29,427","14,820","14,607"
,Guayas,Simón Bolívar,Urbana,"8,696","4,236","4,460"
,Guayas,Simón Bolívar,Rural,"20,731","10,584","10,147"
,Guayas,Coronel Marcelino Maridueña,Total Coronel Marcelino Maridueña,"13,183","6,701","6,482"
,Guayas,Coronel Marcelino Maridueña,Urbana,"7,796","3,917","3,879"
,Guayas,Coronel Marcelino Maridueña,Rural,"5,387","2,784","2,603"
,Guayas,Lomas de Sargentillo,Total Lomas de Sargentillo,"22,254","11,195","11,059"
,Guayas,Lomas de Sargentillo,Urbana,"16,603","8,269","8,334"
,Guayas,Lomas de Sargentillo,Rural,"5,651","2,926","2,725"
,Guayas,Nobol,Total Nobol,"23,850","11,771","12,079"
,Guayas,Nobol,Urbana,"10,010","4,878","5,132"
,Guayas,Nobol,Rural,"13,840","6,893","6,947"
,Guayas,General  Antonio Elizalde,Total General  Antonio Elizalde,"11,810","5,775","6,035"
,Guayas,General  Antonio Elizalde,Urbana,"6,738","3,212","3,526"
,Guayas,General  Antonio Elizalde,Rural,"5,072","2,563","2,509"
,Guayas,Isidro Ayora,Total Isidro Ayora,"14,305","7,249","7,056"
,Guayas,Isidro Ayora,Urbana,"8,275","4,099","4,176"
,Guayas,Isidro Ayora,Rural,"6,030","3,150","2,880"
,Imbabura,Total Imbabura,Total Imbabura,"469,879","226,633","243,246"
,Imbabura,Total Imbabura,Urbana,"245,628","117,109","128,519"
,Imbabura,Total Imbabura,Rural,"224,251","109,524","114,727"
,Imbabura,Ibarra,Total Ibarra,"217,469","104,110","113,359"
,Imbabura,Ibarra,Urbana,"157,941","75,261","82,680"
,Imbabura,Ibarra,Rural,"59,528","28,849","30,679"
,Imbabura,Antonio Ante,Total Antonio Ante,"53,771","25,895","27,876"
,Imbabura,Antonio Ante,Urbana,"25,115","11,968","13,147"
,Imbabura,Antonio Ante,Rural,"28,656","13,927","14,729"
,Imbabura,Cotacachi,Total Cotacachi,"53,001","26,134","26,867"
,Imbabura,Cotacachi,Urbana,"10,526","5,028","5,498"
,Imbabura,Cotacachi,Rural,"42,475","21,106","21,369"
,Imbabura,Otavalo,Total Otavalo,"114,303","55,015","59,288"
,Imbabura,Otavalo,Urbana,"41,718","19,838","21,880"
,Imbabura,Otavalo,Rural,"72,585","35,177","37,408"
,Imbabura,Pimampiro,Total Pimampiro,"13,366","6,542","6,824"
,Imbabura,Pimampiro,Urbana,"5,848","2,822","3,026"
,Imbabura,Pimampiro,Rural,"7,518","3,720","3,798"
,Imbabura,San Miguel de Urcuquí,Total San Miguel de Urcuquí,"17,969","8,937","9,032"
,Imbabura,San Miguel de Urcuquí,Urbana,"4,480","2,192","2,288"
,Imbabura,San Miguel de Urcuquí,Rural,"13,489","6,745","6,744"
,Loja,Total Loja,Total Loja,"485,421","235,444","249,977"
,Loja,Total Loja,Urbana,"293,339","139,619","153,720"
,Loja,Total Loja,Rural,"192,082","95,825","96,257"
,Loja,Loja,Total Loja,"250,028","119,350","130,678"
,Loja,Loja,Urbana,"203,496","96,587","106,909"
,Loja,Loja,Rural,"46,532","22,763","23,769"
,Loja,Calvas,Total Calvas,"26,042","12,767","13,275"
,Loja,Calvas,Urbana,"13,175","6,294","6,881"
,Loja,Calvas,Rural,"12,867","6,473","6,394"
,Loja,Catamayo,Total Catamayo,"35,240","17,034","18,206"
,Loja,Catamayo,Urbana,"27,026","12,986","14,040"
,Loja,Catamayo,Rural,"8,214","4,048","4,166"
,Loja,Celica,Total Celica,"14,379","7,301","7,078"
,Loja,Celica,Urbana,"4,486","2,177","2,309"
,Loja,Celica,Rural,"9,893","5,124","4,769"
,Loja,Chaguarpamba,Total Chaguarpamba,"6,857","3,465","3,392"
,Loja,Chaguarpamba,Urbana,"1,342",647,695
,Loja,Chaguarpamba,Rural,"5,515","2,818","2,697"
,Loja,Espíndola,Total Espíndola,"14,119","7,146","6,973"
,Loja,Espíndola,Urbana,"2,073","1,009","1,064"
,Loja,Espíndola,Rural,"12,046","6,137","5,909"
,Loja,Gonzanamá,Total Gonzanamá,"12,247","6,076","6,171"
,Loja,Gonzanamá,Urbana,"1,973",957,"1,016"
,Loja,Gonzanamá,Rural,"10,274","5,119","5,155"
,Loja,Macará,Total Macará,"18,215","8,964","9,251"
,Loja,Macará,Urbana,"12,454","5,955","6,499"
,Loja,Macará,Rural,"5,761","3,009","2,752"
,Loja,Paltas,Total Paltas,"22,841","11,310","11,531"
,Loja,Paltas,Urbana,"7,831","3,711","4,120"
,Loja,Paltas,Rural,"15,010","7,599","7,411"
,Loja,Puyango,Total Puyango,"16,257","8,034","8,223"
,Loja,Puyango,Urbana,"5,981","2,810","3,171"
,Loja,Puyango,Rural,"10,276","5,224","5,052"
,Loja,Saraguro,Total Saraguro,"29,111","13,631","15,480"
,Loja,Saraguro,Urbana,"4,656","2,160","2,496"
,Loja,Saraguro,Rural,"24,455","11,471","12,984"
,Loja,Sozoranga,Total Sozoranga,"6,970","3,502","3,468"
,Loja,Sozoranga,Urbana,908,445,463
,Loja,Sozoranga,Rural,"6,062","3,057","3,005"
,Loja,Zapotillo,Total Zapotillo,"14,571","7,462","7,109"
,Loja,Zapotillo,Urbana,"3,599","1,743","1,856"
,Loja,Zapotillo,Rural,"10,972","5,719","5,253"
,Loja,Pindal,Total Pindal,"10,409","5,362","5,047"
,Loja,Pindal,Urbana,"2,660","1,328","1,332"
,Loja,Pindal,Rural,"7,749","4,034","3,715"
,Loja,Quilanga,Total Quilanga,"3,971","1,958","2,013"
,Loja,Quilanga,Urbana,934,437,497
,Loja,Quilanga,Rural,"3,037","1,521","1,516"
,Loja,Olmedo,Total Olmedo,"4,164","2,082","2,082"
,Loja,Olmedo,Urbana,745,373,372
,Loja,Olmedo,Rural,"3,419","1,709","1,710"
,Los Ríos,Total Los Ríos,Total Los Ríos,"898,652","443,391","455,261"
,Los Ríos,Total Los Ríos,Urbana,"485,223","233,897","251,326"
,Los Ríos,Total Los Ríos,Rural,"413,429","209,494","203,935"
,Los Ríos,Babahoyo,Total Babahoyo,"178,509","87,115","91,394"
,Los Ríos,Babahoyo,Urbana,"98,251","46,999","51,252"
,Los Ríos,Babahoyo,Rural,"80,258","40,116","40,142"
,Los Ríos,Baba,Total Baba,"45,296","22,938","22,358"
,Los Ríos,Baba,Urbana,"6,746","3,243","3,503"
,Los Ríos,Baba,Rural,"38,550","19,695","18,855"
,Los Ríos,Montalvo,Total Montalvo,"28,354","13,987","14,367"
,Los Ríos,Montalvo,Urbana,"16,248","7,827","8,421"
,Los Ríos,Montalvo,Rural,"12,106","6,160","5,946"
,Los Ríos,Puebloviejo,Total Puebloviejo,"40,961","20,054","20,907"
,Los Ríos,Puebloviejo,Urbana,"9,646","4,655","4,991"
,Los Ríos,Puebloviejo,Rural,"31,315","15,399","15,916"
,Los Ríos,Quevedo,Total Quevedo,"206,008","99,970","106,038"
,Los Ríos,Quevedo,Urbana,"177,792","85,951","91,841"
,Los Ríos,Quevedo,Rural,"28,216","14,019","14,197"
,Los Ríos,Urdaneta,Total Urdaneta,"33,151","16,524","16,627"
,Los Ríos,Urdaneta,Urbana,"7,216","3,480","3,736"
,Los Ríos,Urdaneta,Rural,"25,935","13,044","12,891"
,Los Ríos,Ventanas,Total Ventanas,"73,211","35,848","37,363"
,Los Ríos,Ventanas,Urbana,"41,531","19,964","21,567"
,Los Ríos,Ventanas,Rural,"31,680","15,884","15,796"
,Los Ríos,Vinces,Total Vinces,"80,909","40,487","40,422"
,Los Ríos,Vinces,Urbana,"35,064","16,704","18,360"
,Los Ríos,Vinces,Rural,"45,845","23,783","22,062"
,Los Ríos,Palenque,Total Palenque,"24,838","12,718","12,120"
,Los Ríos,Palenque,Urbana,"7,258","3,534","3,724"
,Los Ríos,Palenque,Rural,"17,580","9,184","8,396"
,Los Ríos,Buena Fe,Total Buena Fe,"74,410","36,756","37,654"
,Los Ríos,Buena Fe,Urbana,"46,779","22,616","24,163"
,Los Ríos,Buena Fe,Rural,"27,631","14,140","13,491"
,Los Ríos,Valencia,Total Valencia,"51,509","25,948","25,561"
,Los Ríos,Valencia,Urbana,"22,996","11,237","11,759"
,Los Ríos,Valencia,Rural,"28,513","14,711","13,802"
,Los Ríos,Mocache,Total Mocache,"42,026","21,161","20,865"
,Los Ríos,Mocache,Urbana,"9,535","4,619","4,916"
,Los Ríos,Mocache,Rural,"32,491","16,542","15,949"
,Los Ríos,Quinsaloma,Total Quinsaloma,"19,470","9,885","9,585"
,Los Ríos,Quinsaloma,Urbana,"6,161","3,068","3,093"
,Los Ríos,Quinsaloma,Rural,"13,309","6,817","6,492"
,Manabí,Total Manabí,Total Manabí,"1,592,840","787,046","805,794"
,Manabí,Total Manabí,Urbana,"924,325","446,082","478,243"
,Manabí,Total Manabí,Rural,"668,515","340,964","327,551"
,Manabí,Portoviejo,Total Portoviejo,"322,925","157,943","164,982"
,Manabí,Portoviejo,Urbana,"244,129","117,312","126,817"
,Manabí,Portoviejo,Rural,"78,796","40,631","38,165"
,Manabí,Bolívar,Total Bolívar,"41,827","20,556","21,271"
,Manabí,Bolívar,Urbana,"20,011","9,542","10,469"
,Manabí,Bolívar,Rural,"21,816","11,014","10,802"
,Manabí,Chone,Total Chone,"128,166","62,552","65,614"
,Manabí,Chone,Urbana,"54,629","25,540","29,089"
,Manabí,Chone,Rural,"73,537","37,012","36,525"
,Manabí,El Carmen,Total El Carmen,"120,936","59,947","60,989"
,Manabí,El Carmen,Urbana,"52,366","25,060","27,306"
,Manabí,El Carmen,Rural,"68,570","34,887","33,683"
,Manabí,Flavio Alfaro,Total Flavio Alfaro,"26,415","13,024","13,391"
,Manabí,Flavio Alfaro,Urbana,"8,312","3,908","4,404"
,Manabí,Flavio Alfaro,Rural,"18,103","9,116","8,987"
,Manabí,Jipijapa,Total Jipijapa,"78,117","39,164","38,953"
,Manabí,Jipijapa,Urbana,"45,382","21,982","23,400"
,Manabí,Jipijapa,Rural,"32,735","17,182","15,553"
,Manabí,Junín,Total Junín,"22,324","11,264","11,060"
,Manabí,Junín,Urbana,"7,332","3,567","3,765"
,Manabí,Junín,Rural,"14,992","7,697","7,295"
,Manabí,Manta,Total Manta,"271,145","131,534","139,611"
,Manabí,Manta,Urbana,"258,697","125,295","133,402"
,Manabí,Manta,Rural,"12,448","6,239","6,209"
,Manabí,Montecristi,Total Montecristi,"99,937","48,871","51,066"
,Manabí,Montecristi,Urbana,"71,066","34,273","36,793"
,Manabí,Montecristi,Rural,"28,871","14,598","14,273"
,Manabí,Paján,Total Paján,"41,879","21,618","20,261"
,Manabí,Paján,Urbana,"7,686","3,744","3,942"
,Manabí,Paján,Rural,"34,193","17,874","16,319"
,Manabí,Pichincha,Total Pichincha,"30,380","15,454","14,926"
,Manabí,Pichincha,Urbana,"4,406","2,136","2,270"
,Manabí,Pichincha,Rural,"25,974","13,318","12,656"
,Manabí,Rocafuerte,Total Rocafuerte,"42,688","21,347","21,341"
,Manabí,Rocafuerte,Urbana,"11,848","5,783","6,065"
,Manabí,Rocafuerte,Rural,"30,840","15,564","15,276"
,Manabí,Santa Ana,Total Santa Ana,"51,462","25,953","25,509"
,Manabí,Santa Ana,Urbana,"11,918","5,798","6,120"
,Manabí,Santa Ana,Rural,"39,544","20,155","19,389"
,Manabí,Sucre,Total Sucre,"62,841","31,412","31,429"
,Manabí,Sucre,Urbana,"22,209","10,989","11,220"
,Manabí,Sucre,Rural,"40,632","20,423","20,209"
,Manabí,Tosagua,Total Tosagua,"42,853","21,382","21,471"
,Manabí,Tosagua,Urbana,"11,317","5,447","5,870"
,Manabí,Tosagua,Rural,"31,536","15,935","15,601"
,Manabí,24 de Mayo,Total 24 de Mayo,"31,473","16,035","15,438"
,Manabí,24 de Mayo,Urbana,"6,607","3,233","3,374"
,Manabí,24 de Mayo,Rural,"24,866","12,802","12,064"
,Manabí,Pedernales,Total Pedernales,"70,408","35,284","35,124"
,Manabí,Pedernales,Urbana,"27,068","13,059","14,009"
,Manabí,Pedernales,Rural,"43,340","22,225","21,115"
,Manabí,Olmedo,Total Olmedo,"10,090","5,128","4,962"
,Manabí,Olmedo,Urbana,"2,684","1,294","1,390"
,Manabí,Olmedo,Rural,"7,406","3,834","3,572"
,Manabí,Puerto López,Total Puerto López,"25,630","12,988","12,642"
,Manabí,Puerto López,Urbana,"12,598","6,387","6,211"
,Manabí,Puerto López,Rural,"13,032","6,601","6,431"
,Manabí,Jama,Total Jama,"16,588","8,380","8,208"
,Manabí,Jama,Urbana,"5,259","2,603","2,656"
,Manabí,Jama,Rural,"11,329","5,777","5,552"
,Manabí,Jaramijó,Total Jaramijó,"29,759","14,872","14,887"
,Manabí,Jaramijó,Urbana,"28,397","14,160","14,237"
,Manabí,Jaramijó,Rural,"1,362",712,650
,Manabí,San Vicente,Total San Vicente,"24,997","12,338","12,659"
,Manabí,San Vicente,Urbana,"10,404","4,970","5,434"
,Manabí,San Vicente,Rural,"14,593","7,368","7,225"
,Morona Santiago,Total Morona Santiago,Total Morona Santiago,"192,508","94,845","97,663"
,Morona Santiago,Total Morona Santiago,Urbana,"62,836","30,185","32,651"
,Morona Santiago,Total Morona Santiago,Rural,"129,672","64,660","65,012"
,Morona Santiago,Morona,Total Morona,"54,935","26,816","28,119"
,Morona Santiago,Morona,Urbana,"22,398","10,881","11,517"
,Morona Santiago,Morona,Rural,"32,537","15,935","16,602"
,Morona Santiago,Gualaquiza,Total Gualaquiza,"21,892","10,777","11,115"
,Morona Santiago,Gualaquiza,Urbana,"9,157","4,375","4,782"
,Morona Santiago,Gualaquiza,Rural,"12,735","6,402","6,333"
,Morona Santiago,Limón Indanza,Total Limón Indanza,"9,602","4,652","4,950"
,Morona Santiago,Limón Indanza,Urbana,"3,982","1,886","2,096"
,Morona Santiago,Limón Indanza,Rural,"5,620","2,766","2,854"
,Morona Santiago,Palora,Total Palora,"11,882","5,925","5,957"
,Morona Santiago,Palora,Urbana,"5,748","2,784","2,964"
,Morona Santiago,Palora,Rural,"6,134","3,141","2,993"
,Morona Santiago,Santiago,Total Santiago,"9,755","4,830","4,925"
,Morona Santiago,Santiago,Urbana,"2,349","1,131","1,218"
,Morona Santiago,Santiago,Rural,"7,406","3,699","3,707"
,Morona Santiago,Sucúa,Total Sucúa,"23,504","11,326","12,178"
,Morona Santiago,Sucúa,Urbana,"10,846","5,082","5,764"
,Morona Santiago,Sucúa,Rural,"12,658","6,244","6,414"
,Morona Santiago,Huamboya,Total Huamboya,"10,830","5,344","5,486"
,Morona Santiago,Huamboya,Urbana,"1,312",611,701
,Morona Santiago,Huamboya,Rural,"9,518","4,733","4,785"
,Morona Santiago,San Juan Bosco,Total San Juan Bosco,"4,372","2,190","2,182"
,Morona Santiago,San Juan Bosco,Urbana,"1,613",777,836
,Morona Santiago,San Juan Bosco,Rural,"2,759","1,413","1,346"
,Morona Santiago,Taisha,Total Taisha,"26,700","13,325","13,375"
,Morona Santiago,Taisha,Urbana,"1,864",893,971
,Morona Santiago,Taisha,Rural,"24,836","12,432","12,404"
,Morona Santiago,Logroño,Total Logroño,"7,484","3,776","3,708"
,Morona Santiago,Logroño,Urbana,"1,382",672,710
,Morona Santiago,Logroño,Rural,"6,102","3,104","2,998"
,Morona Santiago,Pablo Sexto,Total Pablo Sexto,"2,267","1,146","1,121"
,Morona Santiago,Pablo Sexto,Urbana,"1,031",518,513
,Morona Santiago,Pablo Sexto,Rural,"1,236",628,608
,Morona Santiago,Tiwintza,Total Tiwintza,"9,285","4,738","4,547"
,Morona Santiago,Tiwintza,Urbana,"1,154",575,579
,Morona Santiago,Tiwintza,Rural,"8,131","4,163","3,968"
,Napo,Total Napo,Total Napo,"131,675","65,517","66,158"
,Napo,Total Napo,Urbana,"44,675","21,443","23,232"
,Napo,Total Napo,Rural,"87,000","44,074","42,926"
,Napo,Tena,Total Tena,"80,816","40,128","40,688"
,Napo,Tena,Urbana,"29,724","14,253","15,471"
,Napo,Tena,Rural,"51,092","25,875","25,217"
,Napo,Archidona,Total Archidona,"30,488","15,270","15,218"
,Napo,Archidona,Urbana,"7,353","3,474","3,879"
,Napo,Archidona,Rural,"23,135","11,796","11,339"
,Napo,El Chaco,Total El Chaco,"9,252","4,629","4,623"
,Napo,El Chaco,Urbana,"4,353","2,161","2,192"
,Napo,El Chaco,Rural,"4,899","2,468","2,431"
,Napo,Quijos,Total Quijos,"6,472","3,158","3,314"
,Napo,Quijos,Urbana,"1,972",935,"1,037"
,Napo,Quijos,Rural,"4,500","2,223","2,277"
,Napo,Carlos Julio Arosemena Tola,Total Carlos Julio Arosemena Tola,"4,647","2,332","2,315"
,Napo,Carlos Julio Arosemena Tola,Urbana,"1,273",620,653
,Napo,Carlos Julio Arosemena Tola,Rural,"3,374","1,712","1,662"
,Pastaza,Total Pastaza,Total Pastaza,"111,915","55,042","56,873"
,Pastaza,Total Pastaza,Urbana,"38,386","18,580","19,806"
,Pastaza,Total Pastaza,Rural,"73,529","36,462","37,067"
,Pastaza,Pastaza,Total Pastaza,"82,754","40,422","42,332"
,Pastaza,Pastaza,Urbana,"33,325","16,042","17,283"
,Pastaza,Pastaza,Rural,"49,429","24,380","25,049"
,Pastaza,Mera,Total Mera,"15,087","7,388","7,699"
,Pastaza,Mera,Urbana,853,425,428
,Pastaza,Mera,Rural,"14,234","6,963","7,271"
,Pastaza,Santa Clara,Total Santa Clara,"4,521","2,330","2,191"
,Pastaza,Santa Clara,Urbana,"1,831",932,899
,Pastaza,Santa Clara,Rural,"2,690","1,398","1,292"
,Pastaza,Arajuno,Total Arajuno,"9,553","4,902","4,651"
,Pastaza,Arajuno,Urbana,"2,377","1,181","1,196"
,Pastaza,Arajuno,Rural,"7,176","3,721","3,455"
,Pichincha,Total Pichincha,Total Pichincha,"3,089,473","1,490,557","1,598,916"
,Pichincha,Total Pichincha,Urbana,"1,958,079","941,175","1,016,904"
,Pichincha,Total Pichincha,Rural,"1,131,394","549,382","582,012"
,Pichincha,Distrito Metropolitano de Quito,Total Distrito Metropolitano de Quito,"2,679,722","1,291,774","1,387,948"
,Pichincha,Distrito Metropolitano de Quito,Urbana,"1,763,275","847,321","915,954"
,Pichincha,Distrito Metropolitano de Quito,Rural,"916,447","444,453","471,994"
,Pichincha,Cayambe,Total Cayambe,"105,267","51,000","54,267"
,Pichincha,Cayambe,Urbana,"44,559","21,637","22,922"
,Pichincha,Cayambe,Rural,"60,708","29,363","31,345"
,Pichincha,Mejía,Total Mejía,"101,894","48,864","53,030"
,Pichincha,Mejía,Urbana,"24,188","11,473","12,715"
,Pichincha,Mejía,Rural,"77,706","37,391","40,315"
,Pichincha,Pedro Moncayo,Total Pedro Moncayo,"40,483","19,839","20,644"
,Pichincha,Pedro Moncayo,Urbana,"13,019","6,409","6,610"
,Pichincha,Pedro Moncayo,Rural,"27,464","13,430","14,034"
,Pichincha,Rumiñahui,Total Rumiñahui,"107,904","51,939","55,965"
,Pichincha,Rumiñahui,Urbana,"96,647","46,490","50,157"
,Pichincha,Rumiñahui,Rural,"11,257","5,449","5,808"
,Pichincha,San Miguel de los Bancos,Total San Miguel de los Bancos,"13,661","6,833","6,828"
,Pichincha,San Miguel de los Bancos,Urbana,"5,396","2,626","2,770"
,Pichincha,San Miguel de los Bancos,Rural,"8,265","4,207","4,058"
,Pichincha,Pedro Vicente Maldonado,Total Pedro Vicente Maldonado,"15,475","7,720","7,755"
,Pichincha,Pedro Vicente Maldonado,Urbana,"7,162","3,432","3,730"
,Pichincha,Pedro Vicente Maldonado,Rural,"8,313","4,288","4,025"
,Pichincha,Puerto Quito,Total Puerto Quito,"25,067","12,588","12,479"
,Pichincha,Puerto Quito,Urbana,"3,833","1,787","2,046"
,Pichincha,Puerto Quito,Rural,"21,234","10,801","10,433"
,Tungurahua,Total Tungurahua,Total Tungurahua,"563,532","271,101","292,431"
,Tungurahua,Total Tungurahua,Urbana,"225,249","108,090","117,159"
,Tungurahua,Total Tungurahua,Rural,"338,283","163,011","175,272"
,Tungurahua,Ambato,Total Ambato,"370,664","178,019","192,645"
,Tungurahua,Ambato,Urbana,"177,316","85,077","92,239"
,Tungurahua,Ambato,Rural,"193,348","92,942","100,406"
,Tungurahua,Baños de Agua Santa,Total Baños de Agua Santa,"21,908","10,686","11,222"
,Tungurahua,Baños de Agua Santa,Urbana,"14,100","6,702","7,398"
,Tungurahua,Baños de Agua Santa,Rural,"7,808","3,984","3,824"
,Tungurahua,Cevallos,Total Cevallos,"10,433","5,032","5,401"
,Tungurahua,Cevallos,Urbana,"3,754","1,800","1,954"
,Tungurahua,Cevallos,Rural,"6,679","3,232","3,447"
,Tungurahua,Mocha,Total Mocha,"7,260","3,553","3,707"
,Tungurahua,Mocha,Urbana,"1,516",714,802
,Tungurahua,Mocha,Rural,"5,744","2,839","2,905"
,Tungurahua,Patate,Total Patate,"13,879","6,783","7,096"
,Tungurahua,Patate,Urbana,"2,514","1,245","1,269"
,Tungurahua,Patate,Rural,"11,365","5,538","5,827"
,Tungurahua,Quero,Total Quero,"19,084","9,335","9,749"
,Tungurahua,Quero,Urbana,"3,269","1,581","1,688"
,Tungurahua,Quero,Rural,"15,815","7,754","8,061"
,Tungurahua,San Pedro de Pelileo,Total San Pedro de Pelileo,"63,897","30,669","33,228"
,Tungurahua,San Pedro de Pelileo,Urbana,"11,403","5,437","5,966"
,Tungurahua,San Pedro de Pelileo,Rural,"52,494","25,232","27,262"
,Tungurahua,Santiago de Píllaro,Total Santiago de Píllaro,"42,497","20,289","22,208"
,Tungurahua,Santiago de Píllaro,Urbana,"9,816","4,776","5,040"
,Tungurahua,Santiago de Píllaro,Rural,"32,681","15,513","17,168"
,Tungurahua,Tisaleo,Total Tisaleo,"13,910","6,735","7,175"
,Tungurahua,Tisaleo,Urbana,"1,561",758,803
,Tungurahua,Tisaleo,Rural,"12,349","5,977","6,372"
,Zamora Chinchipe,Total Zamora Chinchipe,Total Zamora Chinchipe,"110,973","55,421","55,552"
,Zamora Chinchipe,Total Zamora Chinchipe,Urbana,"51,424","25,243","26,181"
,Zamora Chinchipe,Total Zamora Chinchipe,Rural,"59,549","30,178","29,371"
,Zamora Chinchipe,Zamora,Total Zamora,"30,186","15,004","15,182"
,Zamora Chinchipe,Zamora,Urbana,"17,584","8,678","8,906"
,Zamora Chinchipe,Zamora,Rural,"12,602","6,326","6,276"
,Zamora Chinchipe,Chinchipe,Total Chinchipe,"10,337","5,311","5,026"
,Zamora Chinchipe,Chinchipe,Urbana,"4,154","2,088","2,066"
,Zamora Chinchipe,Chinchipe,Rural,"6,183","3,223","2,960"
,Zamora Chinchipe,Nangaritza,Total Nangaritza,"6,429","3,238","3,191"
,Zamora Chinchipe,Nangaritza,Urbana,"2,519","1,224","1,295"
,Zamora Chinchipe,Nangaritza,Rural,"3,910","2,014","1,896"
,Zamora Chinchipe,Yacuambi,Total Yacuambi,"6,391","3,139","3,252"
,Zamora Chinchipe,Yacuambi,Urbana,"1,626",782,844
,Zamora Chinchipe,Yacuambi,Rural,"4,765","2,357","2,408"
,Zamora Chinchipe,Yantzaza,Total Yantzaza,"23,370","11,539","11,831"
,Zamora Chinchipe,Yantzaza,Urbana,"13,335","6,503","6,832"
,Zamora Chinchipe,Yantzaza,Rural,"10,035","5,036","4,999"
,Zamora Chinchipe,El Pangui,Total El Pangui,"12,768","6,300","6,468"
,Zamora Chinchipe,El Pangui,Urbana,"5,340","2,602","2,738"
,Zamora Chinchipe,El Pangui,Rural,"7,428","3,698","3,730"
,Zamora Chinchipe,Centinela del Cóndor,Total Centinela del Cóndor,"7,882","3,970","3,912"
,Zamora Chinchipe,Centinela del Cóndor,Urbana,"2,930","1,456","1,474"
,Zamora Chinchipe,Centinela del Cóndor,Rural,"4,952","2,514","2,438"
,Zamora Chinchipe,Palanda,Total Palanda,"8,873","4,524","4,349"
,Zamora Chinchipe,Palanda,Urbana,"2,353","1,142","1,211"
,Zamora Chinchipe,Palanda,Rural,"6,520","3,382","3,138"
,Zamora Chinchipe,Paquisha,Total Paquisha,"4,737","2,396","2,341"
,Zamora Chinchipe,Paquisha,Urbana,"1,583",768,815
,Zamora Chinchipe,Paquisha,Rural,"3,154","1,628","1,526"
,Galápagos,Total Galápagos,Total Galápagos,"28,583","14,380","14,203"
,Galápagos,Total Galápagos,Urbana,"22,741","11,330","11,411"
,Galápagos,Total Galápagos,Rural,"5,842","3,050","2,792"
,Galápagos,San Cristóbal,Total San Cristóbal,"8,300","4,179","4,121"
,Galápagos,San Cristóbal,Urbana,"7,290","3,644","3,646"
,Galápagos,San Cristóbal,Rural,"1,010",535,475
,Galápagos,Isabela,Total Isabela,"3,050","1,564","1,486"
,Galápagos,Isabela,Urbana,"2,755","1,390","1,365"
,Galápagos,Isabela,Rural,295,174,121
,Galápagos,Santa Cruz,Total Santa Cruz,"17,233","8,637","8,596"
,Galápagos,Santa Cruz,Urbana,"12,696","6,296","6,400"
,Galápagos,Santa Cruz,Rural,"4,537","2,341","2,196"
,Sucumbíos,Total Sucumbíos,Total Sucumbíos,"199,014","100,167","98,847"
,Sucumbíos,Total Sucumbíos,Urbana,"81,034","39,353","41,681"
,Sucumbíos,Total Sucumbíos,Rural,"117,980","60,814","57,166"
,Sucumbíos,Lago Agrio,Total Lago Agrio,"105,044","52,497","52,547"
,Sucumbíos,Lago Agrio,Urbana,"55,627","26,947","28,680"
,Sucumbíos,Lago Agrio,Rural,"49,417","25,550","23,867"
,Sucumbíos,Gonzalo Pizarro,Total Gonzalo Pizarro,"10,356","5,201","5,155"
,Sucumbíos,Gonzalo Pizarro,Urbana,"2,083","1,039","1,044"
,Sucumbíos,Gonzalo Pizarro,Rural,"8,273","4,162","4,111"
,Sucumbíos,Putumayo,Total Putumayo,"9,018","4,613","4,405"
,Sucumbíos,Putumayo,Urbana,"2,012",943,"1,069"
,Sucumbíos,Putumayo,Rural,"7,006","3,670","3,336"
,Sucumbíos,Shushufindi,Total Shushufindi,"50,826","25,687","25,139"
,Sucumbíos,Shushufindi,Urbana,"16,328","7,954","8,374"
,Sucumbíos,Shushufindi,Rural,"34,498","17,733","16,765"
,Sucumbíos,Sucumbíos,Total Sucumbíos,"3,174","1,609","1,565"
,Sucumbíos,Sucumbíos,Urbana,746,364,382
,Sucumbíos,Sucumbíos,Rural,"2,428","1,245","1,183"
,Sucumbíos,Cascales,Total Cascales,"11,744","5,938","5,806"
,Sucumbíos,Cascales,Urbana,"2,510","1,201","1,309"
,Sucumbíos,Cascales,Rural,"9,234","4,737","4,497"
,Sucumbíos,Cuyabeno,Total Cuyabeno,"8,852","4,622","4,230"
,Sucumbíos,Cuyabeno,Urbana,"1,728",905,823
,Sucumbíos,Cuyabeno,Rural,"7,124","3,717","3,407"
,Orellana,Total Orellana,Total Orellana,"182,166","92,241","89,925"
,Orellana,Total Orellana,Urbana,"73,338","36,178","37,160"
,Orellana,Total Orellana,Rural,"108,828","56,063","52,765"
,Orellana,Francisco de Orellana,Total Francisco de Orellana,"95,130","48,163","46,967"
,Orellana,Francisco de Orellana,Urbana,"51,281","25,371","25,910"
,Orellana,Francisco de Orellana,Rural,"43,849","22,792","21,057"
,Orellana,Aguarico,Total Aguarico,"6,872","3,487","3,385"
,Orellana,Aguarico,Urbana,657,321,336
,Orellana,Aguarico,Rural,"6,215","3,166","3,049"
,Orellana,La Joya de los Sachas,Total La Joya de los Sachas,"52,444","26,450","25,994"
,Orellana,La Joya de los Sachas,Urbana,"16,023","7,876","8,147"
,Orellana,La Joya de los Sachas,Rural,"36,421","18,574","17,847"
,Orellana,Loreto,Total Loreto,"27,720","14,141","13,579"
,Orellana,Loreto,Urbana,"5,377","2,610","2,767"
,Orellana,Loreto,Rural,"22,343","11,531","10,812"
,Santo Domingo de los Tsáchilas,Total Santo Domingo de los Tsáchilas,Total Santo Domingo de los Tsáchilas,"492,969","240,169","252,800"
,Santo Domingo de los Tsáchilas,Total Santo Domingo de los Tsáchilas,Urbana,"370,300","177,629","192,671"
,Santo Domingo de los Tsáchilas,Total Santo Domingo de los Tsáchilas,Rural,"122,669","62,540","60,129"
,Santo Domingo de los Tsáchilas,Santo Domingo,Total Santo Domingo,"441,583","215,061","226,522"
,Santo Domingo de los Tsáchilas,Santo Domingo,Urbana,"334,826","160,633","174,193"
,Santo Domingo de los Tsáchilas,Santo Domingo,Rural,"106,757","54,428","52,329"
,Santo Domingo de los Tsáchilas,La Concordia,Total La Concordia,"51,386","25,108","26,278"
,Santo Domingo de los Tsáchilas,La Concordia,Urbana,"35,474","16,996","18,478"
,Santo Domingo de los Tsáchilas,La Concordia,Rural,"15,912","8,112","7,800"
,Santa Elena,Total Santa Elena,Total Santa Elena,"385,735","191,303","194,432"
,Santa Elena,Total Santa Elena,Urbana,"201,785","98,917","102,868"
,Santa Elena,Total Santa Elena,Rural,"183,950","92,386","91,564"
,Santa Elena,Santa Elena,Total Santa Elena,"186,687","93,101","93,586"
,Santa Elena,Santa Elena,Urbana,"54,565","26,493","28,072"
,Santa Elena,Santa Elena,Rural,"132,122","66,608","65,514"
,Santa Elena,La Libertad,Total La Libertad,"112,247","54,865","57,382"
,Santa Elena,La Libertad,Urbana,"112,154","54,814","57,340"
,Santa Elena,La Libertad,Rural,93,51,42
,Santa Elena,Salinas,Total Salinas,"86,801","43,337","43,464"
,Santa Elena,Salinas,Urbana,"35,066","17,610","17,456"
,Santa Elena,Salinas,Rural,"51,735","25,727","26,008"
,,,,,,
,"Nota: En el censo 2022, las viviendas ocupadas con personas ausentes fueron el insumo base para calcular la población no censada. Estas viviendas se incorporan a la categoría de viviendas particulares ocupadas al calcular indicadores y generar tabulados en los que esta condición de ocupación forme parte del cálculo.",,,,,
